{"pipe_1.jpg839038":{"filename":"pipe_1.jpg","size":839038,"regions":[{"shape_attributes":{"name":"rect","x":883,"y":1517,"width":614,"height":375},"region_attributes":{"name":"pipe","type":"pipe","image_quality":{"good":true,"frontal":true,"good_illumination":true}}}],"file_attributes":{"caption":"","public_domain":"no","image_url":""}},"pipe_2.jpg67057":{"filename":"pipe_2.jpg","size":67057,"regions":[{"shape_attributes":{"name":"rect","x":62,"y":583,"width":166,"height":136},"region_attributes":{"name":"pipe","type":"pipe","image_quality":{"good":true,"frontal":true,"good_illumination":true}}}],"file_attributes":{"caption":"","public_domain":"no","image_url":""}},"pipe_3.jpg462029":{"filename":"pipe_3.jpg","size":462029,"regions":[{"shape_attributes":{"name":"rect","x":747,"y":831,"width":311,"height":626},"region_attributes":{"name":"pipe","type":"pipe","image_quality":{"good":true,"frontal":true,"good_illumination":true}}}],"file_attributes":{"caption":"","public_domain":"no","image_url":""}},"pipe_4.jpg97033":{"filename":"pipe_4.jpg","size":97033,"regions":[{"shape_attributes":{"name":"rect","x":239,"y":507,"width":260,"height":255},"region_attributes":{"name":"pipe","type":"pipe","image_quality":{"good":true,"frontal":true,"good_illumination":true}}}],"file_attributes":{"caption":"","public_domain":"no","image_url":""}},"pipe_5.jpg80772":{"filename":"pipe_5.jpg","size":80772,"regions":[{"shape_attributes":{"name":"rect","x":23,"y":579,"width":171,"height":156},"region_attributes":{"name":"pipe","type":"pipe","image_quality":{"good":true,"frontal":true,"good_illumination":true}}}],"file_attributes":{"caption":"","public_domain":"no","image_url":""}},"pipe_6.jpg139849":{"filename":"pipe_6.jpg","size":139849,"regions":[{"shape_attributes":{"name":"rect","x":501,"y":544,"width":212,"height":153},"region_attributes":{"name":"pipe","type":"pipe","image_quality":{"good":true,"frontal":true,"good_illumination":true}}}],"file_attributes":{"caption":"","public_domain":"no","image_url":""}},"pipe_7.jpg417097":{"filename":"pipe_7.jpg","size":417097,"regions":[{"shape_attributes":{"name":"rect","x":489,"y":1254,"width":377,"height":447},"region_attributes":{"name":"pipe","type":"pipe","image_quality":{"good":true,"frontal":true,"good_illumination":true}}}],"file_attributes":{"caption":"","public_domain":"no","image_url":""}},"pipe_8.jpg67102":{"filename":"pipe_8.jpg","size":67102,"regions":[{"shape_attributes":{"name":"rect","x":287,"y":328,"width":223,"height":237},"region_attributes":{"name":"pipe","type":"pipe","image_quality":{"good":true,"frontal":true,"good_illumination":true}}}],"file_attributes":{"caption":"","public_domain":"no","image_url":""}},"pipe_9.jpg421596":{"filename":"pipe_9.jpg","size":421596,"regions":[{"shape_attributes":{"name":"rect","x":483,"y":1124,"width":421,"height":423},"region_attributes":{"name":"pipe","type":"pipe","image_quality":{"good":true,"frontal":true,"good_illumination":true}}}],"file_attributes":{"caption":"","public_domain":"no","image_url":""}},"pipe_10.jpg68896":{"filename":"pipe_10.jpg","size":68896,"regions":[{"shape_attributes":{"name":"rect","x":3,"y":534,"width":171,"height":130},"region_attributes":{"name":"pipe","type":"pipe","image_quality":{"good":true,"frontal":true,"good_illumination":true}}}],"file_attributes":{"caption":"","public_domain":"no","image_url":""}},"pipe_11.jpg135898":{"filename":"pipe_11.jpg","size":135898,"regions":[{"shape_attributes":{"name":"rect","x":500,"y":536,"width":189,"height":165},"region_attributes":{"name":"pipe","type":"pipe","image_quality":{"good":true,"frontal":true,"good_illumination":true}}}],"file_attributes":{"caption":"","public_domain":"no","image_url":""}},"pipe_12.jpg867688":{"filename":"pipe_12.jpg","size":867688,"regions":[{"shape_attributes":{"name":"rect","x":880,"y":1510,"width":604,"height":368},"region_attributes":{"name":"pipe","type":"pipe","image_quality":{"good":true,"frontal":true,"good_illumination":true}}}],"file_attributes":{"caption":"","public_domain":"no","image_url":""}},"pipe_13.jpg753757":{"filename":"pipe_13.jpg","size":753757,"regions":[{"shape_attributes":{"name":"rect","x":889,"y":1543,"width":614,"height":325},"region_attributes":{"name":"pipe","type":"pipe","image_quality":{"good":true,"frontal":true,"good_illumination":true}}}],"file_attributes":{"caption":"","public_domain":"no","image_url":""}},"pipe_14.jpg763362":{"filename":"pipe_14.jpg","size":763362,"regions":[{"shape_attributes":{"name":"rect","x":886,"y":1513,"width":634,"height":375},"region_attributes":{"name":"pipe","type":"pipe","image_quality":{"good":true,"frontal":true,"good_illumination":true}}}],"file_attributes":{"caption":"","public_domain":"no","image_url":""}},"pipe_15.jpg724637":{"filename":"pipe_15.jpg","size":724637,"regions":[{"shape_attributes":{"name":"rect","x":893,"y":1520,"width":617,"height":352},"region_attributes":{"name":"pipe","type":"pipe","image_quality":{"good":true,"frontal":true,"good_illumination":true}}}],"file_attributes":{"caption":"","public_domain":"no","image_url":""}},"pipe_16.jpg726599":{"filename":"pipe_16.jpg","size":726599,"regions":[{"shape_attributes":{"name":"rect","x":830,"y":1477,"width":415,"height":694},"region_attributes":{"name":"pipe","type":"pipe","image_quality":{"good":true,"frontal":true,"good_illumination":true}}}],"file_attributes":{"caption":"","public_domain":"no","image_url":""}},"pipe_17.jpg692155":{"filename":"pipe_17.jpg","size":692155,"regions":[{"shape_attributes":{"name":"rect","x":850,"y":1450,"width":378,"height":714},"region_attributes":{"name":"pipe","type":"pipe","image_quality":{"good":true,"frontal":true,"good_illumination":true}}}],"file_attributes":{"caption":"","public_domain":"no","image_url":""}},"pipe_18.jpg715007":{"filename":"pipe_18.jpg","size":715007,"regions":[{"shape_attributes":{"name":"rect","x":856,"y":1437,"width":402,"height":760},"region_attributes":{"name":"pipe","type":"pipe","image_quality":{"good":true,"frontal":true,"good_illumination":true}}}],"file_attributes":{"caption":"","public_domain":"no","image_url":""}},"pipe_19.jpg681301":{"filename":"pipe_19.jpg","size":681301,"regions":[{"shape_attributes":{"name":"rect","x":830,"y":1447,"width":422,"height":737},"region_attributes":{"name":"pipe","type":"pipe","image_quality":{"good":true,"frontal":true,"good_illumination":true}}}],"file_attributes":{"caption":"","public_domain":"no","image_url":""}},"pipe_20.jpg668475":{"filename":"pipe_20.jpg","size":668475,"regions":[{"shape_attributes":{"name":"rect","x":856,"y":1454,"width":398,"height":734},"region_attributes":{"name":"pipe","type":"pipe","image_quality":{"good":true,"frontal":true,"good_illumination":true}}}],"file_attributes":{"caption":"","public_domain":"no","image_url":""}},"pipe_21.jpg676667":{"filename":"pipe_21.jpg","size":676667,"regions":[{"shape_attributes":{"name":"rect","x":883,"y":1457,"width":365,"height":757},"region_attributes":{"name":"pipe","type":"pipe","image_quality":{"good":true,"frontal":true,"good_illumination":true}}}],"file_attributes":{"caption":"","public_domain":"no","image_url":""}},"pipe_22.jpg680520":{"filename":"pipe_22.jpg","size":680520,"regions":[{"shape_attributes":{"name":"rect","x":860,"y":1427,"width":375,"height":753},"region_attributes":{"name":"pipe","type":"pipe","image_quality":{"good":true,"frontal":true,"good_illumination":true}}}],"file_attributes":{"caption":"","public_domain":"no","image_url":""}},"pipe_23.jpg745950":{"filename":"pipe_23.jpg","size":745950,"regions":[{"shape_attributes":{"name":"rect","x":816,"y":1513,"width":478,"height":591},"region_attributes":{"name":"pipe","type":"pipe","image_quality":{"good":true,"frontal":true,"good_illumination":true}}}],"file_attributes":{"caption":"","public_domain":"no","image_url":""}},"pipe_24.jpg830684":{"filename":"pipe_24.jpg","size":830684,"regions":[{"shape_attributes":{"name":"rect","x":853,"y":1497,"width":438,"height":637},"region_attributes":{"name":"pipe","type":"pipe","image_quality":{"good":true,"frontal":true,"good_illumination":true}}}],"file_attributes":{"caption":"","public_domain":"no","image_url":""}},"pipe_25.jpg733684":{"filename":"pipe_25.jpg","size":733684,"regions":[{"shape_attributes":{"name":"rect","x":571,"y":1371,"width":637,"height":455},"region_attributes":{"name":"pipe","type":"pipe","image_quality":{"good":true,"frontal":true,"good_illumination":true}}}],"file_attributes":{"caption":"","public_domain":"no","image_url":""}},"pipe_26.jpg731054":{"filename":"pipe_26.jpg","size":731054,"regions":[{"shape_attributes":{"name":"rect","x":873,"y":1490,"width":418,"height":724},"region_attributes":{"name":"pipe","type":"pipe","image_quality":{"good":true,"frontal":true,"good_illumination":true}}}],"file_attributes":{"caption":"","public_domain":"no","image_url":""}},"pipe_27.jpg668039":{"filename":"pipe_27.jpg","size":668039,"regions":[{"shape_attributes":{"name":"rect","x":1314,"y":1650,"width":651,"height":571},"region_attributes":{"name":"pipe","type":"pipe","image_quality":{"good":true,"frontal":true,"good_illumination":true}}}],"file_attributes":{"caption":"","public_domain":"no","image_url":""}},"pipe_28.jpg679599":{"filename":"pipe_28.jpg","size":679599,"regions":[{"shape_attributes":{"name":"rect","x":1265,"y":1643,"width":641,"height":514},"region_attributes":{"name":"pipe","type":"pipe","image_quality":{"good":true,"frontal":true,"good_illumination":true}}}],"file_attributes":{"caption":"","public_domain":"no","image_url":""}},"pipe_29.jpg676819":{"filename":"pipe_29.jpg","size":676819,"regions":[{"shape_attributes":{"name":"rect","x":1265,"y":1673,"width":647,"height":448},"region_attributes":{"name":"pipe","type":"pipe","image_quality":{"good":true,"frontal":true,"good_illumination":true}}}],"file_attributes":{"caption":"","public_domain":"no","image_url":""}},"pipe_30.jpg641829":{"filename":"pipe_30.jpg","size":641829,"regions":[{"shape_attributes":{"name":"rect","x":1275,"y":1825,"width":660,"height":415},"region_attributes":{"name":"pipe","type":"pipe","image_quality":{"good":true,"frontal":true,"good_illumination":true}}}],"file_attributes":{"caption":"","public_domain":"no","image_url":""}},"pipe_31.jpg631219":{"filename":"pipe_31.jpg","size":631219,"regions":[{"shape_attributes":{"name":"rect","x":1235,"y":1806,"width":664,"height":339},"region_attributes":{"name":"pipe","type":"pipe","image_quality":{"good":true,"frontal":true,"good_illumination":true}}}],"file_attributes":{"caption":"","public_domain":"no","image_url":""}},"pipe_32.jpg568388":{"filename":"pipe_32.jpg","size":568388,"regions":[{"shape_attributes":{"name":"rect","x":1271,"y":1822,"width":637,"height":385},"region_attributes":{"name":"pipe","type":"pipe","image_quality":{"good":true,"frontal":true,"good_illumination":true}}}],"file_attributes":{"caption":"","public_domain":"no","image_url":""}},"pipe_33.jpg519988":{"filename":"pipe_33.jpg","size":519988,"regions":[{"shape_attributes":{"name":"rect","x":1228,"y":1845,"width":654,"height":368},"region_attributes":{"name":"pipe","type":"pipe","image_quality":{"good":true,"frontal":true,"good_illumination":true}}}],"file_attributes":{"caption":"","public_domain":"no","image_url":""}},"pipe_34.jpg666723":{"filename":"pipe_34.jpg","size":666723,"regions":[{"shape_attributes":{"name":"rect","x":883,"y":1789,"width":398,"height":471},"region_attributes":{"name":"pipe","type":"pipe","image_quality":{"good":true,"frontal":true,"good_illumination":true}}}],"file_attributes":{"caption":"","public_domain":"no","image_url":""}},"pipe_35.jpg662891":{"filename":"pipe_35.jpg","size":662891,"regions":[{"shape_attributes":{"name":"rect","x":1006,"y":1835,"width":342,"height":465},"region_attributes":{"name":"pipe","type":"pipe","image_quality":{"good":true,"frontal":true,"good_illumination":true}}}],"file_attributes":{"caption":"","public_domain":"no","image_url":""}},"pipe_36.jpg622562":{"filename":"pipe_36.jpg","size":622562,"regions":[{"shape_attributes":{"name":"rect","x":1188,"y":1892,"width":292,"height":504},"region_attributes":{"name":"pipe","type":"pipe","image_quality":{"good":true,"frontal":true,"good_illumination":true}}}],"file_attributes":{"caption":"","public_domain":"no","image_url":""}},"pipe_37.jpg613326":{"filename":"pipe_37.jpg","size":613326,"regions":[{"shape_attributes":{"name":"rect","x":1324,"y":1829,"width":362,"height":551},"region_attributes":{"name":"pipe","type":"pipe","image_quality":{"good":true,"frontal":true,"good_illumination":true}}}],"file_attributes":{"caption":"","public_domain":"no","image_url":""}},"pipe_38.jpg586727":{"filename":"pipe_38.jpg","size":586727,"regions":[{"shape_attributes":{"name":"rect","x":1265,"y":1839,"width":418,"height":511},"region_attributes":{"name":"pipe","type":"pipe","image_quality":{"good":true,"frontal":true,"good_illumination":true}}}],"file_attributes":{"caption":"","public_domain":"no","image_url":""}},"pipe_39.jpg725122":{"filename":"pipe_39.jpg","size":725122,"regions":[{"shape_attributes":{"name":"rect","x":1082,"y":1679,"width":418,"height":538},"region_attributes":{"name":"pipe","type":"pipe","image_quality":{"good":true,"frontal":true,"good_illumination":true}}}],"file_attributes":{"caption":"","public_domain":"no","image_url":""}},"pipe_40.jpg665257":{"filename":"pipe_40.jpg","size":665257,"regions":[{"shape_attributes":{"name":"rect","x":992,"y":1729,"width":385,"height":455},"region_attributes":{"name":"pipe","type":"pipe","image_quality":{"good":true,"frontal":true,"good_illumination":true}}}],"file_attributes":{"caption":"","public_domain":"no","image_url":""}},"pipe_41.jpg642685":{"filename":"pipe_41.jpg","size":642685,"regions":[{"shape_attributes":{"name":"rect","x":933,"y":1759,"width":398,"height":504},"region_attributes":{"name":"pipe","type":"pipe","image_quality":{"good":true,"frontal":true,"good_illumination":true}}}],"file_attributes":{"caption":"","public_domain":"no","image_url":""}},"pipe_42.jpg684956":{"filename":"pipe_42.jpg","size":684956,"regions":[{"shape_attributes":{"name":"rect","x":1109,"y":1739,"width":368,"height":521},"region_attributes":{"name":"pipe","type":"pipe","image_quality":{"good":true,"frontal":true,"good_illumination":true}}}],"file_attributes":{"caption":"","public_domain":"no","image_url":""}},"pipe_43.jpg690571":{"filename":"pipe_43.jpg","size":690571,"regions":[{"shape_attributes":{"name":"rect","x":1109,"y":1832,"width":335,"height":544},"region_attributes":{"name":"pipe","type":"pipe","image_quality":{"good":true,"frontal":true,"good_illumination":true}}}],"file_attributes":{"caption":"","public_domain":"no","image_url":""}},"pipe_44.jpg733440":{"filename":"pipe_44.jpg","size":733440,"regions":[{"shape_attributes":{"name":"rect","x":883,"y":1404,"width":743,"height":478},"region_attributes":{"name":"pipe","type":"pipe","image_quality":{"good":true,"frontal":true,"good_illumination":true}}}],"file_attributes":{"caption":"","public_domain":"no","image_url":""}},"pipe_45.jpg732941":{"filename":"pipe_45.jpg","size":732941,"regions":[{"shape_attributes":{"name":"rect","x":883,"y":1437,"width":724,"height":501},"region_attributes":{"name":"pipe","type":"pipe","image_quality":{"good":true,"frontal":true,"good_illumination":true}}}],"file_attributes":{"caption":"","public_domain":"no","image_url":""}},"pipe_46.jpg665972":{"filename":"pipe_46.jpg","size":665972,"regions":[{"shape_attributes":{"name":"rect","x":860,"y":1464,"width":710,"height":485},"region_attributes":{"name":"pipe","type":"pipe","image_quality":{"good":true,"frontal":true,"good_illumination":true}}}],"file_attributes":{"caption":"","public_domain":"no","image_url":""}},"pipe_47.jpg624960":{"filename":"pipe_47.jpg","size":624960,"regions":[{"shape_attributes":{"name":"rect","x":1029,"y":1557,"width":780,"height":448},"region_attributes":{"name":"pipe","type":"pipe","image_quality":{"good":true,"frontal":true,"good_illumination":true}}}],"file_attributes":{"caption":"","public_domain":"no","image_url":""}},"pipe_48.jpg652477":{"filename":"pipe_48.jpg","size":652477,"regions":[{"shape_attributes":{"name":"rect","x":1042,"y":1620,"width":787,"height":428},"region_attributes":{"name":"pipe","type":"pipe","image_quality":{"good":true,"frontal":true,"good_illumination":true}}}],"file_attributes":{"caption":"","public_domain":"no","image_url":""}},"pipe_49.jpg606707":{"filename":"pipe_49.jpg","size":606707,"regions":[{"shape_attributes":{"name":"rect","x":956,"y":1517,"width":833,"height":448},"region_attributes":{"name":"pipe","type":"pipe","image_quality":{"good":true,"frontal":true,"good_illumination":true}}}],"file_attributes":{"caption":"","public_domain":"no","image_url":""}},"pipe_50.jpg990545":{"filename":"pipe_50.jpg","size":990545,"regions":[{"shape_attributes":{"name":"rect","x":972,"y":1520,"width":820,"height":451},"region_attributes":{"name":"pipe","type":"pipe","image_quality":{"good":true,"frontal":true,"good_illumination":true}}}],"file_attributes":{"caption":"","public_domain":"no","image_url":""}},"pipe_51.jpg909891":{"filename":"pipe_51.jpg","size":909891,"regions":[{"shape_attributes":{"name":"rect","x":919,"y":1334,"width":564,"height":604},"region_attributes":{"name":"pipe","type":"pipe","image_quality":{"good":true,"frontal":true,"good_illumination":true}}}],"file_attributes":{"caption":"","public_domain":"no","image_url":""}},"pipe_52.jpg548467":{"filename":"pipe_52.jpg","size":548467,"regions":[{"shape_attributes":{"name":"rect","x":899,"y":1513,"width":700,"height":418},"region_attributes":{"name":"pipe","type":"pipe","image_quality":{"good":true,"frontal":true,"good_illumination":true}}}],"file_attributes":{"caption":"","public_domain":"no","image_url":""}},"pipe_53.jpg513192":{"filename":"pipe_53.jpg","size":513192,"regions":[{"shape_attributes":{"name":"rect","x":946,"y":1543,"width":704,"height":418},"region_attributes":{"name":"pipe","type":"pipe","image_quality":{"good":true,"frontal":true,"good_illumination":true}}}],"file_attributes":{"caption":"","public_domain":"no","image_url":""}},"pipe_54.jpg482169":{"filename":"pipe_54.jpg","size":482169,"regions":[{"shape_attributes":{"name":"rect","x":999,"y":1656,"width":724,"height":398},"region_attributes":{"name":"pipe","type":"pipe","image_quality":{"good":true,"frontal":true,"good_illumination":true}}}],"file_attributes":{"caption":"","public_domain":"no","image_url":""}},"pipe_55.jpg560945":{"filename":"pipe_55.jpg","size":560945,"regions":[{"shape_attributes":{"name":"rect","x":946,"y":1709,"width":720,"height":365},"region_attributes":{"name":"pipe","type":"pipe","image_quality":{"good":true,"frontal":true,"good_illumination":true}}}],"file_attributes":{"caption":"","public_domain":"no","image_url":""}},"pipe_56.jpg559385":{"filename":"pipe_56.jpg","size":559385,"regions":[{"shape_attributes":{"name":"rect","x":943,"y":1739,"width":724,"height":375},"region_attributes":{"name":"pipe","type":"pipe","image_quality":{"good":true,"frontal":true,"good_illumination":true}}}],"file_attributes":{"caption":"","public_domain":"no","image_url":""}},"pipe_57.jpg570378":{"filename":"pipe_57.jpg","size":570378,"regions":[{"shape_attributes":{"name":"rect","x":866,"y":1699,"width":621,"height":382},"region_attributes":{"name":"pipe","type":"pipe","image_quality":{"good":true,"frontal":true,"good_illumination":true}}}],"file_attributes":{"caption":"","public_domain":"no","image_url":""}},"pipe_58.jpg594564":{"filename":"pipe_58.jpg","size":594564,"regions":[{"shape_attributes":{"name":"rect","x":863,"y":1709,"width":574,"height":375},"region_attributes":{"name":"pipe","type":"pipe","image_quality":{"good":true,"frontal":true,"good_illumination":true}}}],"file_attributes":{"caption":"","public_domain":"no","image_url":""}},"pipe_59.jpg521592":{"filename":"pipe_59.jpg","size":521592,"regions":[{"shape_attributes":{"name":"rect","x":899,"y":1749,"width":631,"height":382},"region_attributes":{"name":"pipe","type":"pipe","image_quality":{"good":true,"frontal":true,"good_illumination":true}}}],"file_attributes":{"caption":"","public_domain":"no","image_url":""}},"pipe_60.jpg538875":{"filename":"pipe_60.jpg","size":538875,"regions":[{"shape_attributes":{"name":"rect","x":664,"y":1580,"width":382,"height":651},"region_attributes":{"name":"pipe","type":"pipe","image_quality":{"good":true,"frontal":true,"good_illumination":true}}}],"file_attributes":{"caption":"","public_domain":"no","image_url":""}},"pipe_61.jpg556245":{"filename":"pipe_61.jpg","size":556245,"regions":[{"shape_attributes":{"name":"rect","x":654,"y":1623,"width":345,"height":624},"region_attributes":{"name":"pipe","type":"pipe","image_quality":{"good":true,"frontal":true,"good_illumination":true}}}],"file_attributes":{"caption":"","public_domain":"no","image_url":""}},"pipe_62.jpg534671":{"filename":"pipe_62.jpg","size":534671,"regions":[{"shape_attributes":{"name":"rect","x":670,"y":1613,"width":329,"height":627},"region_attributes":{"name":"pipe","type":"pipe","image_quality":{"good":true,"frontal":true,"good_illumination":true}}}],"file_attributes":{"caption":"","public_domain":"no","image_url":""}},"pipe_63.jpg590523":{"filename":"pipe_63.jpg","size":590523,"regions":[{"shape_attributes":{"name":"rect","x":667,"y":1660,"width":345,"height":667},"region_attributes":{"name":"pipe","type":"pipe","image_quality":{"good":true,"frontal":true,"good_illumination":true}}}],"file_attributes":{"caption":"","public_domain":"no","image_url":""}},"pipe_64.jpg708467":{"filename":"pipe_64.jpg","size":708467,"regions":[{"shape_attributes":{"name":"rect","x":697,"y":1666,"width":319,"height":631},"region_attributes":{"name":"pipe","type":"pipe","image_quality":{"good":true,"frontal":true,"good_illumination":true}}}],"file_attributes":{"caption":"","public_domain":"no","image_url":""}},"pipe_65.jpg524658":{"filename":"pipe_65.jpg","size":524658,"regions":[{"shape_attributes":{"name":"rect","x":660,"y":1679,"width":368,"height":641},"region_attributes":{"name":"pipe","type":"pipe","image_quality":{"good":true,"frontal":true,"good_illumination":true}}}],"file_attributes":{"caption":"","public_domain":"no","image_url":""}},"pipe_66.jpg596687":{"filename":"pipe_66.jpg","size":596687,"regions":[{"shape_attributes":{"name":"rect","x":684,"y":1636,"width":392,"height":644},"region_attributes":{"name":"pipe","type":"pipe","image_quality":{"good":true,"frontal":true,"good_illumination":true}}}],"file_attributes":{"caption":"","public_domain":"no","image_url":""}},"pipe_67.jpg591074":{"filename":"pipe_67.jpg","size":591074,"regions":[{"shape_attributes":{"name":"rect","x":690,"y":1620,"width":362,"height":684},"region_attributes":{"name":"pipe","type":"pipe","image_quality":{"good":true,"frontal":true,"good_illumination":true}}}],"file_attributes":{"caption":"","public_domain":"no","image_url":""}},"pipe_68.jpg616089":{"filename":"pipe_68.jpg","size":616089,"regions":[{"shape_attributes":{"name":"rect","x":647,"y":1640,"width":382,"height":637},"region_attributes":{"name":"pipe","type":"pipe","image_quality":{"good":true,"frontal":true,"good_illumination":true}}}],"file_attributes":{"caption":"","public_domain":"no","image_url":""}},"pipe_69.jpg643396":{"filename":"pipe_69.jpg","size":643396,"regions":[{"shape_attributes":{"name":"rect","x":717,"y":1673,"width":362,"height":631},"region_attributes":{"name":"pipe","type":"pipe","image_quality":{"good":true,"frontal":true,"good_illumination":true}}}],"file_attributes":{"caption":"","public_domain":"no","image_url":""}},"pipe_70.jpg709542":{"filename":"pipe_70.jpg","size":709542,"regions":[{"shape_attributes":{"name":"rect","x":694,"y":1666,"width":375,"height":654},"region_attributes":{"name":"pipe","type":"pipe","image_quality":{"good":true,"frontal":true,"good_illumination":true}}}],"file_attributes":{"caption":"","public_domain":"no","image_url":""}},"pipe_71.jpg749020":{"filename":"pipe_71.jpg","size":749020,"regions":[{"shape_attributes":{"name":"rect","x":714,"y":1699,"width":362,"height":641},"region_attributes":{"name":"pipe","type":"pipe","image_quality":{"good":true,"frontal":true,"good_illumination":true}}}],"file_attributes":{"caption":"","public_domain":"no","image_url":""}},"pipe_72.jpg798699":{"filename":"pipe_72.jpg","size":798699,"regions":[{"shape_attributes":{"name":"rect","x":677,"y":1630,"width":392,"height":657},"region_attributes":{"name":"pipe","type":"pipe","image_quality":{"good":true,"frontal":true,"good_illumination":true}}}],"file_attributes":{"caption":"","public_domain":"no","image_url":""}},"pipe_73.jpg761800":{"filename":"pipe_73.jpg","size":761800,"regions":[{"shape_attributes":{"name":"rect","x":568,"y":1640,"width":431,"height":680},"region_attributes":{"name":"pipe","type":"pipe","image_quality":{"good":true,"frontal":true,"good_illumination":true}}}],"file_attributes":{"caption":"","public_domain":"no","image_url":""}},"pipe_74.jpg758971":{"filename":"pipe_74.jpg","size":758971,"regions":[{"shape_attributes":{"name":"rect","x":534,"y":1676,"width":458,"height":700},"region_attributes":{"name":"pipe","type":"pipe","image_quality":{"good":true,"frontal":true,"good_illumination":true}}}],"file_attributes":{"caption":"","public_domain":"no","image_url":""}},"pipe_75.jpg594736":{"filename":"pipe_75.jpg","size":594736,"regions":[{"shape_attributes":{"name":"rect","x":501,"y":1733,"width":422,"height":707},"region_attributes":{"name":"pipe","type":"pipe","image_quality":{"good":true,"frontal":true,"good_illumination":true}}}],"file_attributes":{"caption":"","public_domain":"no","image_url":""}},"pipe_76.jpg849411":{"filename":"pipe_76.jpg","size":849411,"regions":[{"shape_attributes":{"name":"rect","x":903,"y":2031,"width":358,"height":607},"region_attributes":{"name":"pipe","type":"pipe","image_quality":{"good":true,"frontal":true,"good_illumination":true}}}],"file_attributes":{"caption":"","public_domain":"no","image_url":""}},"pipe_77.jpg855586":{"filename":"pipe_77.jpg","size":855586,"regions":[{"shape_attributes":{"name":"rect","x":946,"y":2051,"width":329,"height":594},"region_attributes":{"name":"pipe","type":"pipe","image_quality":{"good":true,"frontal":true,"good_illumination":true}}}],"file_attributes":{"caption":"","public_domain":"no","image_url":""}},"pipe_78.jpg898373":{"filename":"pipe_78.jpg","size":898373,"regions":[{"shape_attributes":{"name":"rect","x":899,"y":2098,"width":339,"height":617},"region_attributes":{"name":"pipe","type":"pipe","image_quality":{"good":true,"frontal":true,"good_illumination":true}}}],"file_attributes":{"caption":"","public_domain":"no","image_url":""}},"pipe_79.jpg857908":{"filename":"pipe_79.jpg","size":857908,"regions":[{"shape_attributes":{"name":"rect","x":889,"y":2134,"width":339,"height":587},"region_attributes":{"name":"pipe","type":"pipe","image_quality":{"good":true,"frontal":true,"good_illumination":true}}}],"file_attributes":{"caption":"","public_domain":"no","image_url":""}},"pipe_80.jpg837875":{"filename":"pipe_80.jpg","size":837875,"regions":[{"shape_attributes":{"name":"rect","x":889,"y":2134,"width":335,"height":578},"region_attributes":{"name":"pipe","type":"pipe","image_quality":{"good":true,"frontal":true,"good_illumination":true}}}],"file_attributes":{"caption":"","public_domain":"no","image_url":""}},"pipe_81.jpg811710":{"filename":"pipe_81.jpg","size":811710,"regions":[{"shape_attributes":{"name":"rect","x":850,"y":2147,"width":335,"height":617},"region_attributes":{"name":"pipe","type":"pipe","image_quality":{"good":true,"frontal":true,"good_illumination":true}}}],"file_attributes":{"caption":"","public_domain":"no","image_url":""}},"pipe_82.jpg775573":{"filename":"pipe_82.jpg","size":775573,"regions":[{"shape_attributes":{"name":"rect","x":770,"y":2230,"width":302,"height":601},"region_attributes":{"name":"pipe","type":"pipe","image_quality":{"good":true,"frontal":true,"good_illumination":true}}}],"file_attributes":{"caption":"","public_domain":"no","image_url":""}},"pipe_83.jpg890651":{"filename":"pipe_83.jpg","size":890651,"regions":[{"shape_attributes":{"name":"rect","x":876,"y":2164,"width":309,"height":667},"region_attributes":{"name":"pipe","type":"pipe","image_quality":{"good":true,"frontal":true,"good_illumination":true}}}],"file_attributes":{"caption":"","public_domain":"no","image_url":""}},"pipe_84.jpg594563":{"filename":"pipe_84.jpg","size":594563,"regions":[{"shape_attributes":{"name":"rect","x":966,"y":2227,"width":285,"height":667},"region_attributes":{"name":"pipe","type":"pipe","image_quality":{"good":true,"frontal":true,"good_illumination":true}}}],"file_attributes":{"caption":"","public_domain":"no","image_url":""}},"pipe_85.jpg568755":{"filename":"pipe_85.jpg","size":568755,"regions":[{"shape_attributes":{"name":"rect","x":1012,"y":2247,"width":272,"height":660},"region_attributes":{"name":"pipe","type":"pipe","image_quality":{"good":true,"frontal":true,"good_illumination":true}}}],"file_attributes":{"caption":"","public_domain":"no","image_url":""}},"pipe_86.jpg530995":{"filename":"pipe_86.jpg","size":530995,"regions":[{"shape_attributes":{"name":"rect","x":1065,"y":2293,"width":292,"height":664},"region_attributes":{"name":"pipe","type":"pipe","image_quality":{"good":true,"frontal":true,"good_illumination":true}}}],"file_attributes":{"caption":"","public_domain":"no","image_url":""}},"pipe_87.jpg526127":{"filename":"pipe_87.jpg","size":526127,"regions":[{"shape_attributes":{"name":"rect","x":1275,"y":2366,"width":631,"height":461},"region_attributes":{"name":"pipe","type":"pipe","image_quality":{"good":true,"frontal":true,"good_illumination":true}}}],"file_attributes":{"caption":"","public_domain":"no","image_url":""}},"pipe_88.jpg534588":{"filename":"pipe_88.jpg","size":534588,"regions":[{"shape_attributes":{"name":"rect","x":1248,"y":2343,"width":621,"height":461},"region_attributes":{"name":"pipe","type":"pipe","image_quality":{"good":true,"frontal":true,"good_illumination":true}}}],"file_attributes":{"caption":"","public_domain":"no","image_url":""}},"pipe_89.jpg544932":{"filename":"pipe_89.jpg","size":544932,"regions":[{"shape_attributes":{"name":"rect","x":1208,"y":2376,"width":601,"height":405},"region_attributes":{"name":"pipe","type":"pipe","image_quality":{"good":true,"frontal":true,"good_illumination":true}}}],"file_attributes":{"caption":"","public_domain":"no","image_url":""}},"pipe_90.jpg630578":{"filename":"pipe_90.jpg","size":630578,"regions":[{"shape_attributes":{"name":"rect","x":1201,"y":2323,"width":611,"height":481},"region_attributes":{"name":"pipe","type":"pipe","image_quality":{"good":true,"frontal":true,"good_illumination":true}}}],"file_attributes":{"caption":"","public_domain":"no","image_url":""}},"pipe_91.jpg682259":{"filename":"pipe_91.jpg","size":682259,"regions":[{"shape_attributes":{"name":"rect","x":1145,"y":2327,"width":587,"height":422},"region_attributes":{"name":"pipe","type":"pipe","image_quality":{"good":true,"frontal":true,"good_illumination":true}}}],"file_attributes":{"caption":"","public_domain":"no","image_url":""}},"pipe_92.jpg566960":{"filename":"pipe_92.jpg","size":566960,"regions":[{"shape_attributes":{"name":"rect","x":989,"y":1892,"width":475,"height":299},"region_attributes":{"name":"pipe","type":"pipe","image_quality":{"good":true,"frontal":true,"good_illumination":true}}}],"file_attributes":{"caption":"","public_domain":"no","image_url":""}},"pipe_93.jpg518417":{"filename":"pipe_93.jpg","size":518417,"regions":[{"shape_attributes":{"name":"rect","x":979,"y":2108,"width":564,"height":335},"region_attributes":{"name":"pipe","type":"pipe","image_quality":{"good":true,"frontal":true,"good_illumination":true}}}],"file_attributes":{"caption":"","public_domain":"no","image_url":""}},"pipe_94.jpg578342":{"filename":"pipe_94.jpg","size":578342,"regions":[{"shape_attributes":{"name":"rect","x":963,"y":2433,"width":578,"height":422},"region_attributes":{"name":"pipe","type":"pipe","image_quality":{"good":true,"frontal":true,"good_illumination":true}}}],"file_attributes":{"caption":"","public_domain":"no","image_url":""}},"pipe_95.jpg492302":{"filename":"pipe_95.jpg","size":492302,"regions":[{"shape_attributes":{"name":"rect","x":807,"y":2456,"width":574,"height":441},"region_attributes":{"name":"pipe","type":"pipe","image_quality":{"good":true,"frontal":true,"good_illumination":true}}}],"file_attributes":{"caption":"","public_domain":"no","image_url":""}},"pipe_96.jpg640610":{"filename":"pipe_96.jpg","size":640610,"regions":[{"shape_attributes":{"name":"rect","x":627,"y":2589,"width":571,"height":458},"region_attributes":{"name":"pipe","type":"pipe","image_quality":{"good":true,"frontal":true,"good_illumination":true}}}],"file_attributes":{"caption":"","public_domain":"no","image_url":""}},"pipe_97.jpg821410":{"filename":"pipe_97.jpg","size":821410,"regions":[{"shape_attributes":{"name":"rect","x":1344,"y":2260,"width":402,"height":451},"region_attributes":{"name":"pipe","type":"pipe","image_quality":{"good":true,"frontal":true,"good_illumination":true}}}],"file_attributes":{"caption":"","public_domain":"no","image_url":""}},"pipe_98.jpg700044":{"filename":"pipe_98.jpg","size":700044,"regions":[{"shape_attributes":{"name":"rect","x":1457,"y":2207,"width":412,"height":335},"region_attributes":{"name":"pipe","type":"pipe","image_quality":{"good":true,"frontal":true,"good_illumination":true}}}],"file_attributes":{"caption":"","public_domain":"no","image_url":""}},"pipe_99.jpg436068":{"filename":"pipe_99.jpg","size":436068,"regions":[{"shape_attributes":{"name":"rect","x":1245,"y":2074,"width":538,"height":295},"region_attributes":{"name":"pipe","type":"pipe","image_quality":{"good":true,"frontal":true,"good_illumination":true}}}],"file_attributes":{"caption":"","public_domain":"no","image_url":""}},"pipe_100.jpg504776":{"filename":"pipe_100.jpg","size":504776,"regions":[{"shape_attributes":{"name":"rect","x":926,"y":2008,"width":538,"height":256},"region_attributes":{"name":"pipe","type":"pipe","image_quality":{"good":true,"frontal":true,"good_illumination":true}}}],"file_attributes":{"caption":"","public_domain":"no","image_url":""}},"pipe_101.jpg636945":{"filename":"pipe_101.jpg","size":636945,"regions":[{"shape_attributes":{"name":"rect","x":697,"y":2124,"width":528,"height":292},"region_attributes":{"name":"pipe","type":"pipe","image_quality":{"good":true,"frontal":true,"good_illumination":true}}}],"file_attributes":{"caption":"","public_domain":"no","image_url":""}},"pipe_102.jpg672426":{"filename":"pipe_102.jpg","size":672426,"regions":[{"shape_attributes":{"name":"rect","x":830,"y":1643,"width":617,"height":412},"region_attributes":{"name":"pipe","type":"pipe","image_quality":{"good":true,"frontal":true,"good_illumination":true}}}],"file_attributes":{"caption":"","public_domain":"no","image_url":""}},"pipe_103.jpg697691":{"filename":"pipe_103.jpg","size":697691,"regions":[{"shape_attributes":{"name":"rect","x":767,"y":1892,"width":534,"height":398},"region_attributes":{"name":"pipe","type":"pipe","image_quality":{"good":true,"frontal":true,"good_illumination":true}}}],"file_attributes":{"caption":"","public_domain":"no","image_url":""}},"pipe_104.jpg640541":{"filename":"pipe_104.jpg","size":640541,"regions":[{"shape_attributes":{"name":"rect","x":468,"y":2147,"width":564,"height":395},"region_attributes":{"name":"pipe","type":"pipe","image_quality":{"good":true,"frontal":true,"good_illumination":true}}}],"file_attributes":{"caption":"","public_domain":"no","image_url":""}},"pipe_106.jpg745094":{"filename":"pipe_106.jpg","size":745094,"regions":[{"shape_attributes":{"name":"rect","x":438,"y":2426,"width":554,"height":541},"region_attributes":{"name":"pipe","type":"pipe","image_quality":{"good":true,"frontal":true,"good_illumination":true}}}],"file_attributes":{"caption":"","public_domain":"no","image_url":""}},"pipe_107.jpg700461":{"filename":"pipe_107.jpg","size":700461,"regions":[{"shape_attributes":{"name":"rect","x":1321,"y":1862,"width":348,"height":471},"region_attributes":{"name":"pipe","type":"pipe","image_quality":{"good":true,"frontal":true,"good_illumination":true}}}],"file_attributes":{"caption":"","public_domain":"no","image_url":""}},"pipe_108.jpg756087":{"filename":"pipe_108.jpg","size":756087,"regions":[{"shape_attributes":{"name":"rect","x":1377,"y":1752,"width":445,"height":504},"region_attributes":{"name":"pipe","type":"pipe","image_quality":{"good":true,"frontal":true,"good_illumination":true}}}],"file_attributes":{"caption":"","public_domain":"no","image_url":""}},"pipe_109.jpg695889":{"filename":"pipe_109.jpg","size":695889,"regions":[{"shape_attributes":{"name":"rect","x":1334,"y":2015,"width":541,"height":455},"region_attributes":{"name":"pipe","type":"pipe","image_quality":{"good":true,"frontal":true,"good_illumination":true}}}],"file_attributes":{"caption":"","public_domain":"no","image_url":""}},"pipe_110.jpg714873":{"filename":"pipe_110.jpg","size":714873,"regions":[{"shape_attributes":{"name":"rect","x":1112,"y":2111,"width":607,"height":415},"region_attributes":{"name":"pipe","type":"pipe","image_quality":{"good":true,"frontal":true,"good_illumination":true}}}],"file_attributes":{"caption":"","public_domain":"no","image_url":""}},"pipe_111.jpg685771":{"filename":"pipe_111.jpg","size":685771,"regions":[{"shape_attributes":{"name":"rect","x":846,"y":1928,"width":621,"height":385},"region_attributes":{"name":"pipe","type":"pipe","image_quality":{"good":true,"frontal":true,"good_illumination":true}}}],"file_attributes":{"caption":"","public_domain":"no","image_url":""}},"pipe_112.jpg688288":{"filename":"pipe_112.jpg","size":688288,"regions":[{"shape_attributes":{"name":"rect","x":1092,"y":2124,"width":478,"height":392},"region_attributes":{"name":"pipe","type":"pipe","image_quality":{"good":true,"frontal":true,"good_illumination":true}}}],"file_attributes":{"caption":"","public_domain":"no","image_url":""}}}