filename,file_size,file_attributes,region_count,region_id,region_shape_attributes,region_attributes
pipe_1.jpg,839038,"{""caption"":"""",""public_domain"":""no"",""image_url"":""""}",1,0,"{""name"":""rect"",""x"":883,""y"":1517,""width"":614,""height"":375}","{""name"":""pipe"",""type"":""pipe"",""image_quality"":{""good"":true,""frontal"":true,""good_illumination"":true}}"
pipe_2.jpg,67057,"{""caption"":"""",""public_domain"":""no"",""image_url"":""""}",1,0,"{""name"":""rect"",""x"":62,""y"":583,""width"":166,""height"":136}","{""name"":""pipe"",""type"":""pipe"",""image_quality"":{""good"":true,""frontal"":true,""good_illumination"":true}}"
pipe_3.jpg,462029,"{""caption"":"""",""public_domain"":""no"",""image_url"":""""}",1,0,"{""name"":""rect"",""x"":747,""y"":831,""width"":311,""height"":626}","{""name"":""pipe"",""type"":""pipe"",""image_quality"":{""good"":true,""frontal"":true,""good_illumination"":true}}"
pipe_4.jpg,97033,"{""caption"":"""",""public_domain"":""no"",""image_url"":""""}",1,0,"{""name"":""rect"",""x"":239,""y"":507,""width"":260,""height"":255}","{""name"":""pipe"",""type"":""pipe"",""image_quality"":{""good"":true,""frontal"":true,""good_illumination"":true}}"
pipe_5.jpg,80772,"{""caption"":"""",""public_domain"":""no"",""image_url"":""""}",1,0,"{""name"":""rect"",""x"":23,""y"":579,""width"":171,""height"":156}","{""name"":""pipe"",""type"":""pipe"",""image_quality"":{""good"":true,""frontal"":true,""good_illumination"":true}}"
pipe_6.jpg,139849,"{""caption"":"""",""public_domain"":""no"",""image_url"":""""}",1,0,"{""name"":""rect"",""x"":501,""y"":544,""width"":212,""height"":153}","{""name"":""pipe"",""type"":""pipe"",""image_quality"":{""good"":true,""frontal"":true,""good_illumination"":true}}"
pipe_7.jpg,417097,"{""caption"":"""",""public_domain"":""no"",""image_url"":""""}",1,0,"{""name"":""rect"",""x"":489,""y"":1254,""width"":377,""height"":447}","{""name"":""pipe"",""type"":""pipe"",""image_quality"":{""good"":true,""frontal"":true,""good_illumination"":true}}"
pipe_8.jpg,67102,"{""caption"":"""",""public_domain"":""no"",""image_url"":""""}",1,0,"{""name"":""rect"",""x"":287,""y"":328,""width"":223,""height"":237}","{""name"":""pipe"",""type"":""pipe"",""image_quality"":{""good"":true,""frontal"":true,""good_illumination"":true}}"
pipe_9.jpg,421596,"{""caption"":"""",""public_domain"":""no"",""image_url"":""""}",1,0,"{""name"":""rect"",""x"":483,""y"":1124,""width"":421,""height"":423}","{""name"":""pipe"",""type"":""pipe"",""image_quality"":{""good"":true,""frontal"":true,""good_illumination"":true}}"
pipe_10.jpg,68896,"{""caption"":"""",""public_domain"":""no"",""image_url"":""""}",1,0,"{""name"":""rect"",""x"":3,""y"":534,""width"":171,""height"":130}","{""name"":""pipe"",""type"":""pipe"",""image_quality"":{""good"":true,""frontal"":true,""good_illumination"":true}}"
pipe_11.jpg,135898,"{""caption"":"""",""public_domain"":""no"",""image_url"":""""}",1,0,"{""name"":""rect"",""x"":500,""y"":536,""width"":189,""height"":165}","{""name"":""pipe"",""type"":""pipe"",""image_quality"":{""good"":true,""frontal"":true,""good_illumination"":true}}"
pipe_12.jpg,867688,"{""caption"":"""",""public_domain"":""no"",""image_url"":""""}",1,0,"{""name"":""rect"",""x"":880,""y"":1510,""width"":604,""height"":368}","{""name"":""pipe"",""type"":""pipe"",""image_quality"":{""good"":true,""frontal"":true,""good_illumination"":true}}"
pipe_13.jpg,753757,"{""caption"":"""",""public_domain"":""no"",""image_url"":""""}",1,0,"{""name"":""rect"",""x"":889,""y"":1543,""width"":614,""height"":325}","{""name"":""pipe"",""type"":""pipe"",""image_quality"":{""good"":true,""frontal"":true,""good_illumination"":true}}"
pipe_14.jpg,763362,"{""caption"":"""",""public_domain"":""no"",""image_url"":""""}",1,0,"{""name"":""rect"",""x"":886,""y"":1513,""width"":634,""height"":375}","{""name"":""pipe"",""type"":""pipe"",""image_quality"":{""good"":true,""frontal"":true,""good_illumination"":true}}"
pipe_15.jpg,724637,"{""caption"":"""",""public_domain"":""no"",""image_url"":""""}",1,0,"{""name"":""rect"",""x"":893,""y"":1520,""width"":617,""height"":352}","{""name"":""pipe"",""type"":""pipe"",""image_quality"":{""good"":true,""frontal"":true,""good_illumination"":true}}"
pipe_16.jpg,726599,"{""caption"":"""",""public_domain"":""no"",""image_url"":""""}",1,0,"{""name"":""rect"",""x"":830,""y"":1477,""width"":415,""height"":694}","{""name"":""pipe"",""type"":""pipe"",""image_quality"":{""good"":true,""frontal"":true,""good_illumination"":true}}"
pipe_17.jpg,692155,"{""caption"":"""",""public_domain"":""no"",""image_url"":""""}",1,0,"{""name"":""rect"",""x"":850,""y"":1450,""width"":378,""height"":714}","{""name"":""pipe"",""type"":""pipe"",""image_quality"":{""good"":true,""frontal"":true,""good_illumination"":true}}"
pipe_18.jpg,715007,"{""caption"":"""",""public_domain"":""no"",""image_url"":""""}",1,0,"{""name"":""rect"",""x"":856,""y"":1437,""width"":402,""height"":760}","{""name"":""pipe"",""type"":""pipe"",""image_quality"":{""good"":true,""frontal"":true,""good_illumination"":true}}"
pipe_19.jpg,681301,"{""caption"":"""",""public_domain"":""no"",""image_url"":""""}",1,0,"{""name"":""rect"",""x"":830,""y"":1447,""width"":422,""height"":737}","{""name"":""pipe"",""type"":""pipe"",""image_quality"":{""good"":true,""frontal"":true,""good_illumination"":true}}"
pipe_20.jpg,668475,"{""caption"":"""",""public_domain"":""no"",""image_url"":""""}",1,0,"{""name"":""rect"",""x"":856,""y"":1454,""width"":398,""height"":734}","{""name"":""pipe"",""type"":""pipe"",""image_quality"":{""good"":true,""frontal"":true,""good_illumination"":true}}"
pipe_21.jpg,676667,"{""caption"":"""",""public_domain"":""no"",""image_url"":""""}",1,0,"{""name"":""rect"",""x"":883,""y"":1457,""width"":365,""height"":757}","{""name"":""pipe"",""type"":""pipe"",""image_quality"":{""good"":true,""frontal"":true,""good_illumination"":true}}"
pipe_22.jpg,680520,"{""caption"":"""",""public_domain"":""no"",""image_url"":""""}",1,0,"{""name"":""rect"",""x"":860,""y"":1427,""width"":375,""height"":753}","{""name"":""pipe"",""type"":""pipe"",""image_quality"":{""good"":true,""frontal"":true,""good_illumination"":true}}"
pipe_23.jpg,745950,"{""caption"":"""",""public_domain"":""no"",""image_url"":""""}",1,0,"{""name"":""rect"",""x"":816,""y"":1513,""width"":478,""height"":591}","{""name"":""pipe"",""type"":""pipe"",""image_quality"":{""good"":true,""frontal"":true,""good_illumination"":true}}"
pipe_24.jpg,830684,"{""caption"":"""",""public_domain"":""no"",""image_url"":""""}",1,0,"{""name"":""rect"",""x"":853,""y"":1497,""width"":438,""height"":637}","{""name"":""pipe"",""type"":""pipe"",""image_quality"":{""good"":true,""frontal"":true,""good_illumination"":true}}"
pipe_25.jpg,733684,"{""caption"":"""",""public_domain"":""no"",""image_url"":""""}",1,0,"{""name"":""rect"",""x"":571,""y"":1371,""width"":637,""height"":455}","{""name"":""pipe"",""type"":""pipe"",""image_quality"":{""good"":true,""frontal"":true,""good_illumination"":true}}"
pipe_26.jpg,731054,"{""caption"":"""",""public_domain"":""no"",""image_url"":""""}",1,0,"{""name"":""rect"",""x"":873,""y"":1490,""width"":418,""height"":724}","{""name"":""pipe"",""type"":""pipe"",""image_quality"":{""good"":true,""frontal"":true,""good_illumination"":true}}"
pipe_27.jpg,668039,"{""caption"":"""",""public_domain"":""no"",""image_url"":""""}",1,0,"{""name"":""rect"",""x"":1314,""y"":1650,""width"":651,""height"":571}","{""name"":""pipe"",""type"":""pipe"",""image_quality"":{""good"":true,""frontal"":true,""good_illumination"":true}}"
pipe_28.jpg,679599,"{""caption"":"""",""public_domain"":""no"",""image_url"":""""}",1,0,"{""name"":""rect"",""x"":1265,""y"":1643,""width"":641,""height"":514}","{""name"":""pipe"",""type"":""pipe"",""image_quality"":{""good"":true,""frontal"":true,""good_illumination"":true}}"
pipe_29.jpg,676819,"{""caption"":"""",""public_domain"":""no"",""image_url"":""""}",1,0,"{""name"":""rect"",""x"":1265,""y"":1673,""width"":647,""height"":448}","{""name"":""pipe"",""type"":""pipe"",""image_quality"":{""good"":true,""frontal"":true,""good_illumination"":true}}"
pipe_30.jpg,641829,"{""caption"":"""",""public_domain"":""no"",""image_url"":""""}",1,0,"{""name"":""rect"",""x"":1275,""y"":1825,""width"":660,""height"":415}","{""name"":""pipe"",""type"":""pipe"",""image_quality"":{""good"":true,""frontal"":true,""good_illumination"":true}}"
pipe_31.jpg,631219,"{""caption"":"""",""public_domain"":""no"",""image_url"":""""}",1,0,"{""name"":""rect"",""x"":1235,""y"":1806,""width"":664,""height"":339}","{""name"":""pipe"",""type"":""pipe"",""image_quality"":{""good"":true,""frontal"":true,""good_illumination"":true}}"
pipe_32.jpg,568388,"{""caption"":"""",""public_domain"":""no"",""image_url"":""""}",1,0,"{""name"":""rect"",""x"":1271,""y"":1822,""width"":637,""height"":385}","{""name"":""pipe"",""type"":""pipe"",""image_quality"":{""good"":true,""frontal"":true,""good_illumination"":true}}"
pipe_33.jpg,519988,"{""caption"":"""",""public_domain"":""no"",""image_url"":""""}",1,0,"{""name"":""rect"",""x"":1228,""y"":1845,""width"":654,""height"":368}","{""name"":""pipe"",""type"":""pipe"",""image_quality"":{""good"":true,""frontal"":true,""good_illumination"":true}}"
pipe_34.jpg,666723,"{""caption"":"""",""public_domain"":""no"",""image_url"":""""}",1,0,"{""name"":""rect"",""x"":883,""y"":1789,""width"":398,""height"":471}","{""name"":""pipe"",""type"":""pipe"",""image_quality"":{""good"":true,""frontal"":true,""good_illumination"":true}}"
pipe_35.jpg,662891,"{""caption"":"""",""public_domain"":""no"",""image_url"":""""}",1,0,"{""name"":""rect"",""x"":1006,""y"":1835,""width"":342,""height"":465}","{""name"":""pipe"",""type"":""pipe"",""image_quality"":{""good"":true,""frontal"":true,""good_illumination"":true}}"
pipe_36.jpg,622562,"{""caption"":"""",""public_domain"":""no"",""image_url"":""""}",1,0,"{""name"":""rect"",""x"":1188,""y"":1892,""width"":292,""height"":504}","{""name"":""pipe"",""type"":""pipe"",""image_quality"":{""good"":true,""frontal"":true,""good_illumination"":true}}"
pipe_37.jpg,613326,"{""caption"":"""",""public_domain"":""no"",""image_url"":""""}",1,0,"{""name"":""rect"",""x"":1324,""y"":1829,""width"":362,""height"":551}","{""name"":""pipe"",""type"":""pipe"",""image_quality"":{""good"":true,""frontal"":true,""good_illumination"":true}}"
pipe_38.jpg,586727,"{""caption"":"""",""public_domain"":""no"",""image_url"":""""}",1,0,"{""name"":""rect"",""x"":1265,""y"":1839,""width"":418,""height"":511}","{""name"":""pipe"",""type"":""pipe"",""image_quality"":{""good"":true,""frontal"":true,""good_illumination"":true}}"
pipe_39.jpg,725122,"{""caption"":"""",""public_domain"":""no"",""image_url"":""""}",1,0,"{""name"":""rect"",""x"":1082,""y"":1679,""width"":418,""height"":538}","{""name"":""pipe"",""type"":""pipe"",""image_quality"":{""good"":true,""frontal"":true,""good_illumination"":true}}"
pipe_40.jpg,665257,"{""caption"":"""",""public_domain"":""no"",""image_url"":""""}",1,0,"{""name"":""rect"",""x"":992,""y"":1729,""width"":385,""height"":455}","{""name"":""pipe"",""type"":""pipe"",""image_quality"":{""good"":true,""frontal"":true,""good_illumination"":true}}"
pipe_41.jpg,642685,"{""caption"":"""",""public_domain"":""no"",""image_url"":""""}",1,0,"{""name"":""rect"",""x"":933,""y"":1759,""width"":398,""height"":504}","{""name"":""pipe"",""type"":""pipe"",""image_quality"":{""good"":true,""frontal"":true,""good_illumination"":true}}"
pipe_42.jpg,684956,"{""caption"":"""",""public_domain"":""no"",""image_url"":""""}",1,0,"{""name"":""rect"",""x"":1109,""y"":1739,""width"":368,""height"":521}","{""name"":""pipe"",""type"":""pipe"",""image_quality"":{""good"":true,""frontal"":true,""good_illumination"":true}}"
pipe_43.jpg,690571,"{""caption"":"""",""public_domain"":""no"",""image_url"":""""}",1,0,"{""name"":""rect"",""x"":1109,""y"":1832,""width"":335,""height"":544}","{""name"":""pipe"",""type"":""pipe"",""image_quality"":{""good"":true,""frontal"":true,""good_illumination"":true}}"
pipe_44.jpg,733440,"{""caption"":"""",""public_domain"":""no"",""image_url"":""""}",1,0,"{""name"":""rect"",""x"":883,""y"":1404,""width"":743,""height"":478}","{""name"":""pipe"",""type"":""pipe"",""image_quality"":{""good"":true,""frontal"":true,""good_illumination"":true}}"
pipe_45.jpg,732941,"{""caption"":"""",""public_domain"":""no"",""image_url"":""""}",1,0,"{""name"":""rect"",""x"":883,""y"":1437,""width"":724,""height"":501}","{""name"":""pipe"",""type"":""pipe"",""image_quality"":{""good"":true,""frontal"":true,""good_illumination"":true}}"
pipe_46.jpg,665972,"{""caption"":"""",""public_domain"":""no"",""image_url"":""""}",1,0,"{""name"":""rect"",""x"":860,""y"":1464,""width"":710,""height"":485}","{""name"":""pipe"",""type"":""pipe"",""image_quality"":{""good"":true,""frontal"":true,""good_illumination"":true}}"
pipe_47.jpg,624960,"{""caption"":"""",""public_domain"":""no"",""image_url"":""""}",1,0,"{""name"":""rect"",""x"":1029,""y"":1557,""width"":780,""height"":448}","{""name"":""pipe"",""type"":""pipe"",""image_quality"":{""good"":true,""frontal"":true,""good_illumination"":true}}"
pipe_48.jpg,652477,"{""caption"":"""",""public_domain"":""no"",""image_url"":""""}",1,0,"{""name"":""rect"",""x"":1042,""y"":1620,""width"":787,""height"":428}","{""name"":""pipe"",""type"":""pipe"",""image_quality"":{""good"":true,""frontal"":true,""good_illumination"":true}}"
pipe_49.jpg,606707,"{""caption"":"""",""public_domain"":""no"",""image_url"":""""}",1,0,"{""name"":""rect"",""x"":956,""y"":1517,""width"":833,""height"":448}","{""name"":""pipe"",""type"":""pipe"",""image_quality"":{""good"":true,""frontal"":true,""good_illumination"":true}}"
pipe_50.jpg,990545,"{""caption"":"""",""public_domain"":""no"",""image_url"":""""}",1,0,"{""name"":""rect"",""x"":972,""y"":1520,""width"":820,""height"":451}","{""name"":""pipe"",""type"":""pipe"",""image_quality"":{""good"":true,""frontal"":true,""good_illumination"":true}}"
pipe_51.jpg,909891,"{""caption"":"""",""public_domain"":""no"",""image_url"":""""}",1,0,"{""name"":""rect"",""x"":919,""y"":1334,""width"":564,""height"":604}","{""name"":""pipe"",""type"":""pipe"",""image_quality"":{""good"":true,""frontal"":true,""good_illumination"":true}}"
pipe_52.jpg,548467,"{""caption"":"""",""public_domain"":""no"",""image_url"":""""}",1,0,"{""name"":""rect"",""x"":899,""y"":1513,""width"":700,""height"":418}","{""name"":""pipe"",""type"":""pipe"",""image_quality"":{""good"":true,""frontal"":true,""good_illumination"":true}}"
pipe_53.jpg,513192,"{""caption"":"""",""public_domain"":""no"",""image_url"":""""}",1,0,"{""name"":""rect"",""x"":946,""y"":1543,""width"":704,""height"":418}","{""name"":""pipe"",""type"":""pipe"",""image_quality"":{""good"":true,""frontal"":true,""good_illumination"":true}}"
pipe_54.jpg,482169,"{""caption"":"""",""public_domain"":""no"",""image_url"":""""}",1,0,"{""name"":""rect"",""x"":999,""y"":1656,""width"":724,""height"":398}","{""name"":""pipe"",""type"":""pipe"",""image_quality"":{""good"":true,""frontal"":true,""good_illumination"":true}}"
pipe_55.jpg,560945,"{""caption"":"""",""public_domain"":""no"",""image_url"":""""}",1,0,"{""name"":""rect"",""x"":946,""y"":1709,""width"":720,""height"":365}","{""name"":""pipe"",""type"":""pipe"",""image_quality"":{""good"":true,""frontal"":true,""good_illumination"":true}}"
pipe_56.jpg,559385,"{""caption"":"""",""public_domain"":""no"",""image_url"":""""}",1,0,"{""name"":""rect"",""x"":943,""y"":1739,""width"":724,""height"":375}","{""name"":""pipe"",""type"":""pipe"",""image_quality"":{""good"":true,""frontal"":true,""good_illumination"":true}}"
pipe_57.jpg,570378,"{""caption"":"""",""public_domain"":""no"",""image_url"":""""}",1,0,"{""name"":""rect"",""x"":866,""y"":1699,""width"":621,""height"":382}","{""name"":""pipe"",""type"":""pipe"",""image_quality"":{""good"":true,""frontal"":true,""good_illumination"":true}}"
pipe_58.jpg,594564,"{""caption"":"""",""public_domain"":""no"",""image_url"":""""}",1,0,"{""name"":""rect"",""x"":863,""y"":1709,""width"":574,""height"":375}","{""name"":""pipe"",""type"":""pipe"",""image_quality"":{""good"":true,""frontal"":true,""good_illumination"":true}}"
pipe_59.jpg,521592,"{""caption"":"""",""public_domain"":""no"",""image_url"":""""}",1,0,"{""name"":""rect"",""x"":899,""y"":1749,""width"":631,""height"":382}","{""name"":""pipe"",""type"":""pipe"",""image_quality"":{""good"":true,""frontal"":true,""good_illumination"":true}}"
pipe_60.jpg,538875,"{""caption"":"""",""public_domain"":""no"",""image_url"":""""}",1,0,"{""name"":""rect"",""x"":664,""y"":1580,""width"":382,""height"":651}","{""name"":""pipe"",""type"":""pipe"",""image_quality"":{""good"":true,""frontal"":true,""good_illumination"":true}}"
pipe_61.jpg,556245,"{""caption"":"""",""public_domain"":""no"",""image_url"":""""}",1,0,"{""name"":""rect"",""x"":654,""y"":1623,""width"":345,""height"":624}","{""name"":""pipe"",""type"":""pipe"",""image_quality"":{""good"":true,""frontal"":true,""good_illumination"":true}}"
pipe_62.jpg,534671,"{""caption"":"""",""public_domain"":""no"",""image_url"":""""}",1,0,"{""name"":""rect"",""x"":670,""y"":1613,""width"":329,""height"":627}","{""name"":""pipe"",""type"":""pipe"",""image_quality"":{""good"":true,""frontal"":true,""good_illumination"":true}}"
pipe_63.jpg,590523,"{""caption"":"""",""public_domain"":""no"",""image_url"":""""}",1,0,"{""name"":""rect"",""x"":667,""y"":1660,""width"":345,""height"":667}","{""name"":""pipe"",""type"":""pipe"",""image_quality"":{""good"":true,""frontal"":true,""good_illumination"":true}}"
pipe_64.jpg,708467,"{""caption"":"""",""public_domain"":""no"",""image_url"":""""}",1,0,"{""name"":""rect"",""x"":697,""y"":1666,""width"":319,""height"":631}","{""name"":""pipe"",""type"":""pipe"",""image_quality"":{""good"":true,""frontal"":true,""good_illumination"":true}}"
pipe_65.jpg,524658,"{""caption"":"""",""public_domain"":""no"",""image_url"":""""}",1,0,"{""name"":""rect"",""x"":660,""y"":1679,""width"":368,""height"":641}","{""name"":""pipe"",""type"":""pipe"",""image_quality"":{""good"":true,""frontal"":true,""good_illumination"":true}}"
pipe_66.jpg,596687,"{""caption"":"""",""public_domain"":""no"",""image_url"":""""}",1,0,"{""name"":""rect"",""x"":684,""y"":1636,""width"":392,""height"":644}","{""name"":""pipe"",""type"":""pipe"",""image_quality"":{""good"":true,""frontal"":true,""good_illumination"":true}}"
pipe_67.jpg,591074,"{""caption"":"""",""public_domain"":""no"",""image_url"":""""}",1,0,"{""name"":""rect"",""x"":690,""y"":1620,""width"":362,""height"":684}","{""name"":""pipe"",""type"":""pipe"",""image_quality"":{""good"":true,""frontal"":true,""good_illumination"":true}}"
pipe_68.jpg,616089,"{""caption"":"""",""public_domain"":""no"",""image_url"":""""}",1,0,"{""name"":""rect"",""x"":647,""y"":1640,""width"":382,""height"":637}","{""name"":""pipe"",""type"":""pipe"",""image_quality"":{""good"":true,""frontal"":true,""good_illumination"":true}}"
pipe_69.jpg,643396,"{""caption"":"""",""public_domain"":""no"",""image_url"":""""}",1,0,"{""name"":""rect"",""x"":717,""y"":1673,""width"":362,""height"":631}","{""name"":""pipe"",""type"":""pipe"",""image_quality"":{""good"":true,""frontal"":true,""good_illumination"":true}}"
pipe_70.jpg,709542,"{""caption"":"""",""public_domain"":""no"",""image_url"":""""}",1,0,"{""name"":""rect"",""x"":694,""y"":1666,""width"":375,""height"":654}","{""name"":""pipe"",""type"":""pipe"",""image_quality"":{""good"":true,""frontal"":true,""good_illumination"":true}}"
pipe_71.jpg,749020,"{""caption"":"""",""public_domain"":""no"",""image_url"":""""}",1,0,"{""name"":""rect"",""x"":714,""y"":1699,""width"":362,""height"":641}","{""name"":""pipe"",""type"":""pipe"",""image_quality"":{""good"":true,""frontal"":true,""good_illumination"":true}}"
pipe_72.jpg,798699,"{""caption"":"""",""public_domain"":""no"",""image_url"":""""}",1,0,"{""name"":""rect"",""x"":677,""y"":1630,""width"":392,""height"":657}","{""name"":""pipe"",""type"":""pipe"",""image_quality"":{""good"":true,""frontal"":true,""good_illumination"":true}}"
pipe_73.jpg,761800,"{""caption"":"""",""public_domain"":""no"",""image_url"":""""}",1,0,"{""name"":""rect"",""x"":568,""y"":1640,""width"":431,""height"":680}","{""name"":""pipe"",""type"":""pipe"",""image_quality"":{""good"":true,""frontal"":true,""good_illumination"":true}}"
pipe_74.jpg,758971,"{""caption"":"""",""public_domain"":""no"",""image_url"":""""}",1,0,"{""name"":""rect"",""x"":534,""y"":1676,""width"":458,""height"":700}","{""name"":""pipe"",""type"":""pipe"",""image_quality"":{""good"":true,""frontal"":true,""good_illumination"":true}}"
pipe_75.jpg,594736,"{""caption"":"""",""public_domain"":""no"",""image_url"":""""}",1,0,"{""name"":""rect"",""x"":501,""y"":1733,""width"":422,""height"":707}","{""name"":""pipe"",""type"":""pipe"",""image_quality"":{""good"":true,""frontal"":true,""good_illumination"":true}}"
pipe_76.jpg,849411,"{""caption"":"""",""public_domain"":""no"",""image_url"":""""}",1,0,"{""name"":""rect"",""x"":903,""y"":2031,""width"":358,""height"":607}","{""name"":""pipe"",""type"":""pipe"",""image_quality"":{""good"":true,""frontal"":true,""good_illumination"":true}}"
pipe_77.jpg,855586,"{""caption"":"""",""public_domain"":""no"",""image_url"":""""}",1,0,"{""name"":""rect"",""x"":946,""y"":2051,""width"":329,""height"":594}","{""name"":""pipe"",""type"":""pipe"",""image_quality"":{""good"":true,""frontal"":true,""good_illumination"":true}}"
pipe_78.jpg,898373,"{""caption"":"""",""public_domain"":""no"",""image_url"":""""}",1,0,"{""name"":""rect"",""x"":899,""y"":2098,""width"":339,""height"":617}","{""name"":""pipe"",""type"":""pipe"",""image_quality"":{""good"":true,""frontal"":true,""good_illumination"":true}}"
pipe_79.jpg,857908,"{""caption"":"""",""public_domain"":""no"",""image_url"":""""}",1,0,"{""name"":""rect"",""x"":889,""y"":2134,""width"":339,""height"":587}","{""name"":""pipe"",""type"":""pipe"",""image_quality"":{""good"":true,""frontal"":true,""good_illumination"":true}}"
pipe_80.jpg,837875,"{""caption"":"""",""public_domain"":""no"",""image_url"":""""}",1,0,"{""name"":""rect"",""x"":889,""y"":2134,""width"":335,""height"":578}","{""name"":""pipe"",""type"":""pipe"",""image_quality"":{""good"":true,""frontal"":true,""good_illumination"":true}}"
pipe_81.jpg,811710,"{""caption"":"""",""public_domain"":""no"",""image_url"":""""}",1,0,"{""name"":""rect"",""x"":850,""y"":2147,""width"":335,""height"":617}","{""name"":""pipe"",""type"":""pipe"",""image_quality"":{""good"":true,""frontal"":true,""good_illumination"":true}}"
pipe_82.jpg,775573,"{""caption"":"""",""public_domain"":""no"",""image_url"":""""}",1,0,"{""name"":""rect"",""x"":770,""y"":2230,""width"":302,""height"":601}","{""name"":""pipe"",""type"":""pipe"",""image_quality"":{""good"":true,""frontal"":true,""good_illumination"":true}}"
pipe_83.jpg,890651,"{""caption"":"""",""public_domain"":""no"",""image_url"":""""}",1,0,"{""name"":""rect"",""x"":876,""y"":2164,""width"":309,""height"":667}","{""name"":""pipe"",""type"":""pipe"",""image_quality"":{""good"":true,""frontal"":true,""good_illumination"":true}}"
pipe_84.jpg,594563,"{""caption"":"""",""public_domain"":""no"",""image_url"":""""}",1,0,"{""name"":""rect"",""x"":966,""y"":2227,""width"":285,""height"":667}","{""name"":""pipe"",""type"":""pipe"",""image_quality"":{""good"":true,""frontal"":true,""good_illumination"":true}}"
pipe_85.jpg,568755,"{""caption"":"""",""public_domain"":""no"",""image_url"":""""}",1,0,"{""name"":""rect"",""x"":1012,""y"":2247,""width"":272,""height"":660}","{""name"":""pipe"",""type"":""pipe"",""image_quality"":{""good"":true,""frontal"":true,""good_illumination"":true}}"
pipe_86.jpg,530995,"{""caption"":"""",""public_domain"":""no"",""image_url"":""""}",1,0,"{""name"":""rect"",""x"":1065,""y"":2293,""width"":292,""height"":664}","{""name"":""pipe"",""type"":""pipe"",""image_quality"":{""good"":true,""frontal"":true,""good_illumination"":true}}"
pipe_87.jpg,526127,"{""caption"":"""",""public_domain"":""no"",""image_url"":""""}",1,0,"{""name"":""rect"",""x"":1275,""y"":2366,""width"":631,""height"":461}","{""name"":""pipe"",""type"":""pipe"",""image_quality"":{""good"":true,""frontal"":true,""good_illumination"":true}}"
pipe_88.jpg,534588,"{""caption"":"""",""public_domain"":""no"",""image_url"":""""}",1,0,"{""name"":""rect"",""x"":1248,""y"":2343,""width"":621,""height"":461}","{""name"":""pipe"",""type"":""pipe"",""image_quality"":{""good"":true,""frontal"":true,""good_illumination"":true}}"
pipe_89.jpg,544932,"{""caption"":"""",""public_domain"":""no"",""image_url"":""""}",1,0,"{""name"":""rect"",""x"":1208,""y"":2376,""width"":601,""height"":405}","{""name"":""pipe"",""type"":""pipe"",""image_quality"":{""good"":true,""frontal"":true,""good_illumination"":true}}"
pipe_90.jpg,630578,"{""caption"":"""",""public_domain"":""no"",""image_url"":""""}",1,0,"{""name"":""rect"",""x"":1201,""y"":2323,""width"":611,""height"":481}","{""name"":""pipe"",""type"":""pipe"",""image_quality"":{""good"":true,""frontal"":true,""good_illumination"":true}}"
pipe_91.jpg,682259,"{""caption"":"""",""public_domain"":""no"",""image_url"":""""}",1,0,"{""name"":""rect"",""x"":1145,""y"":2327,""width"":587,""height"":422}","{""name"":""pipe"",""type"":""pipe"",""image_quality"":{""good"":true,""frontal"":true,""good_illumination"":true}}"
pipe_92.jpg,566960,"{""caption"":"""",""public_domain"":""no"",""image_url"":""""}",1,0,"{""name"":""rect"",""x"":989,""y"":1892,""width"":475,""height"":299}","{""name"":""pipe"",""type"":""pipe"",""image_quality"":{""good"":true,""frontal"":true,""good_illumination"":true}}"
pipe_93.jpg,518417,"{""caption"":"""",""public_domain"":""no"",""image_url"":""""}",1,0,"{""name"":""rect"",""x"":979,""y"":2108,""width"":564,""height"":335}","{""name"":""pipe"",""type"":""pipe"",""image_quality"":{""good"":true,""frontal"":true,""good_illumination"":true}}"
pipe_94.jpg,578342,"{""caption"":"""",""public_domain"":""no"",""image_url"":""""}",1,0,"{""name"":""rect"",""x"":963,""y"":2433,""width"":578,""height"":422}","{""name"":""pipe"",""type"":""pipe"",""image_quality"":{""good"":true,""frontal"":true,""good_illumination"":true}}"
pipe_95.jpg,492302,"{""caption"":"""",""public_domain"":""no"",""image_url"":""""}",1,0,"{""name"":""rect"",""x"":807,""y"":2456,""width"":574,""height"":441}","{""name"":""pipe"",""type"":""pipe"",""image_quality"":{""good"":true,""frontal"":true,""good_illumination"":true}}"
pipe_96.jpg,640610,"{""caption"":"""",""public_domain"":""no"",""image_url"":""""}",1,0,"{""name"":""rect"",""x"":627,""y"":2589,""width"":571,""height"":458}","{""name"":""pipe"",""type"":""pipe"",""image_quality"":{""good"":true,""frontal"":true,""good_illumination"":true}}"
pipe_97.jpg,821410,"{""caption"":"""",""public_domain"":""no"",""image_url"":""""}",1,0,"{""name"":""rect"",""x"":1344,""y"":2260,""width"":402,""height"":451}","{""name"":""pipe"",""type"":""pipe"",""image_quality"":{""good"":true,""frontal"":true,""good_illumination"":true}}"
pipe_98.jpg,700044,"{""caption"":"""",""public_domain"":""no"",""image_url"":""""}",1,0,"{""name"":""rect"",""x"":1457,""y"":2207,""width"":412,""height"":335}","{""name"":""pipe"",""type"":""pipe"",""image_quality"":{""good"":true,""frontal"":true,""good_illumination"":true}}"
pipe_99.jpg,436068,"{""caption"":"""",""public_domain"":""no"",""image_url"":""""}",1,0,"{""name"":""rect"",""x"":1245,""y"":2074,""width"":538,""height"":295}","{""name"":""pipe"",""type"":""pipe"",""image_quality"":{""good"":true,""frontal"":true,""good_illumination"":true}}"
pipe_100.jpg,504776,"{""caption"":"""",""public_domain"":""no"",""image_url"":""""}",1,0,"{""name"":""rect"",""x"":926,""y"":2008,""width"":538,""height"":256}","{""name"":""pipe"",""type"":""pipe"",""image_quality"":{""good"":true,""frontal"":true,""good_illumination"":true}}"
pipe_101.jpg,636945,"{""caption"":"""",""public_domain"":""no"",""image_url"":""""}",1,0,"{""name"":""rect"",""x"":697,""y"":2124,""width"":528,""height"":292}","{""name"":""pipe"",""type"":""pipe"",""image_quality"":{""good"":true,""frontal"":true,""good_illumination"":true}}"
pipe_102.jpg,672426,"{""caption"":"""",""public_domain"":""no"",""image_url"":""""}",1,0,"{""name"":""rect"",""x"":830,""y"":1643,""width"":617,""height"":412}","{""name"":""pipe"",""type"":""pipe"",""image_quality"":{""good"":true,""frontal"":true,""good_illumination"":true}}"
pipe_103.jpg,697691,"{""caption"":"""",""public_domain"":""no"",""image_url"":""""}",1,0,"{""name"":""rect"",""x"":767,""y"":1892,""width"":534,""height"":398}","{""name"":""pipe"",""type"":""pipe"",""image_quality"":{""good"":true,""frontal"":true,""good_illumination"":true}}"
pipe_104.jpg,640541,"{""caption"":"""",""public_domain"":""no"",""image_url"":""""}",1,0,"{""name"":""rect"",""x"":468,""y"":2147,""width"":564,""height"":395}","{""name"":""pipe"",""type"":""pipe"",""image_quality"":{""good"":true,""frontal"":true,""good_illumination"":true}}"
pipe_105.jpg,633086,"{""caption"":"""",""public_domain"":""no"",""image_url"":""""}",0,0,"{}","{}"
pipe_106.jpg,745094,"{""caption"":"""",""public_domain"":""no"",""image_url"":""""}",1,0,"{""name"":""rect"",""x"":438,""y"":2426,""width"":554,""height"":541}","{""name"":""pipe"",""type"":""pipe"",""image_quality"":{""good"":true,""frontal"":true,""good_illumination"":true}}"
pipe_107.jpg,700461,"{""caption"":"""",""public_domain"":""no"",""image_url"":""""}",1,0,"{""name"":""rect"",""x"":1321,""y"":1862,""width"":348,""height"":471}","{""name"":""pipe"",""type"":""pipe"",""image_quality"":{""good"":true,""frontal"":true,""good_illumination"":true}}"
pipe_108.jpg,756087,"{""caption"":"""",""public_domain"":""no"",""image_url"":""""}",1,0,"{""name"":""rect"",""x"":1377,""y"":1752,""width"":445,""height"":504}","{""name"":""pipe"",""type"":""pipe"",""image_quality"":{""good"":true,""frontal"":true,""good_illumination"":true}}"
pipe_109.jpg,695889,"{""caption"":"""",""public_domain"":""no"",""image_url"":""""}",1,0,"{""name"":""rect"",""x"":1334,""y"":2015,""width"":541,""height"":455}","{""name"":""pipe"",""type"":""pipe"",""image_quality"":{""good"":true,""frontal"":true,""good_illumination"":true}}"
pipe_110.jpg,714873,"{""caption"":"""",""public_domain"":""no"",""image_url"":""""}",1,0,"{""name"":""rect"",""x"":1112,""y"":2111,""width"":607,""height"":415}","{""name"":""pipe"",""type"":""pipe"",""image_quality"":{""good"":true,""frontal"":true,""good_illumination"":true}}"
pipe_111.jpg,685771,"{""caption"":"""",""public_domain"":""no"",""image_url"":""""}",1,0,"{""name"":""rect"",""x"":846,""y"":1928,""width"":621,""height"":385}","{""name"":""pipe"",""type"":""pipe"",""image_quality"":{""good"":true,""frontal"":true,""good_illumination"":true}}"
pipe_112.jpg,688288,"{""caption"":"""",""public_domain"":""no"",""image_url"":""""}",1,0,"{""name"":""rect"",""x"":1092,""y"":2124,""width"":478,""height"":392}","{""name"":""pipe"",""type"":""pipe"",""image_quality"":{""good"":true,""frontal"":true,""good_illumination"":true}}"