{"info":{"year":2022,"version":"1.0","description":"VIA project exported to COCO format using VGG Image Annotator (http://www.robots.ox.ac.uk/~vgg/software/via/)","contributor":"","url":"http://www.robots.ox.ac.uk/~vgg/software/via/","date_created":"Fri Nov 11 2022 11:42:43 GMT+0100 (Central European Standard Time)"},"images":[{"id":1,"width":2320,"height":3088,"file_name":"pipe_1.jpg","license":0,"date_captured":""},{"id":2,"width":750,"height":998,"file_name":"pipe_2.jpg","license":0,"date_captured":""},{"id":3,"width":1538,"height":2048,"file_name":"pipe_3.jpg","license":0,"date_captured":""},{"id":4,"width":750,"height":1000,"file_name":"pipe_4.jpg","license":0,"date_captured":""},{"id":5,"width":750,"height":998,"file_name":"pipe_5.jpg","license":0,"date_captured":""},{"id":6,"width":750,"height":998,"file_name":"pipe_6.jpg","license":0,"date_captured":""},{"id":7,"width":1538,"height":2048,"file_name":"pipe_7.jpg","license":0,"date_captured":""},{"id":8,"width":750,"height":1000,"file_name":"pipe_8.jpg","license":0,"date_captured":""},{"id":9,"width":1538,"height":2048,"file_name":"pipe_9.jpg","license":0,"date_captured":""},{"id":10,"width":750,"height":998,"file_name":"pipe_10.jpg","license":0,"date_captured":""},{"id":11,"width":750,"height":998,"file_name":"pipe_11.jpg","license":0,"date_captured":""},{"id":12,"width":2320,"height":3088,"file_name":"pipe_12.jpg","license":0,"date_captured":""},{"id":13,"width":2320,"height":3088,"file_name":"pipe_13.jpg","license":0,"date_captured":""},{"id":14,"width":2320,"height":3088,"file_name":"pipe_14.jpg","license":0,"date_captured":""},{"id":15,"width":2320,"height":3088,"file_name":"pipe_15.jpg","license":0,"date_captured":""},{"id":16,"width":2320,"height":3088,"file_name":"pipe_16.jpg","license":0,"date_captured":""},{"id":17,"width":2320,"height":3088,"file_name":"pipe_17.jpg","license":0,"date_captured":""},{"id":18,"width":2320,"height":3088,"file_name":"pipe_18.jpg","license":0,"date_captured":""},{"id":19,"width":2320,"height":3088,"file_name":"pipe_19.jpg","license":0,"date_captured":""},{"id":20,"width":2320,"height":3088,"file_name":"pipe_20.jpg","license":0,"date_captured":""},{"id":21,"width":2320,"height":3088,"file_name":"pipe_21.jpg","license":0,"date_captured":""},{"id":22,"width":2320,"height":3088,"file_name":"pipe_22.jpg","license":0,"date_captured":""},{"id":23,"width":2320,"height":3088,"file_name":"pipe_23.jpg","license":0,"date_captured":""},{"id":24,"width":2320,"height":3088,"file_name":"pipe_24.jpg","license":0,"date_captured":""},{"id":25,"width":2320,"height":3088,"file_name":"pipe_25.jpg","license":0,"date_captured":""},{"id":26,"width":2320,"height":3088,"file_name":"pipe_26.jpg","license":0,"date_captured":""},{"id":27,"width":2320,"height":3088,"file_name":"pipe_27.jpg","license":0,"date_captured":""},{"id":28,"width":2320,"height":3088,"file_name":"pipe_28.jpg","license":0,"date_captured":""},{"id":29,"width":2320,"height":3088,"file_name":"pipe_29.jpg","license":0,"date_captured":""},{"id":30,"width":2320,"height":3088,"file_name":"pipe_30.jpg","license":0,"date_captured":""},{"id":31,"width":2320,"height":3088,"file_name":"pipe_31.jpg","license":0,"date_captured":""},{"id":32,"width":2320,"height":3088,"file_name":"pipe_32.jpg","license":0,"date_captured":""},{"id":33,"width":2320,"height":3088,"file_name":"pipe_33.jpg","license":0,"date_captured":""},{"id":34,"width":2320,"height":3088,"file_name":"pipe_34.jpg","license":0,"date_captured":""},{"id":35,"width":2320,"height":3088,"file_name":"pipe_35.jpg","license":0,"date_captured":""},{"id":36,"width":2320,"height":3088,"file_name":"pipe_36.jpg","license":0,"date_captured":""},{"id":37,"width":2320,"height":3088,"file_name":"pipe_37.jpg","license":0,"date_captured":""},{"id":38,"width":2320,"height":3088,"file_name":"pipe_38.jpg","license":0,"date_captured":""},{"id":39,"width":2320,"height":3088,"file_name":"pipe_39.jpg","license":0,"date_captured":""},{"id":40,"width":2320,"height":3088,"file_name":"pipe_40.jpg","license":0,"date_captured":""},{"id":41,"width":2320,"height":3088,"file_name":"pipe_41.jpg","license":0,"date_captured":""},{"id":42,"width":2320,"height":3088,"file_name":"pipe_42.jpg","license":0,"date_captured":""},{"id":43,"width":2320,"height":3088,"file_name":"pipe_43.jpg","license":0,"date_captured":""},{"id":44,"width":2320,"height":3088,"file_name":"pipe_44.jpg","license":0,"date_captured":""},{"id":45,"width":2320,"height":3088,"file_name":"pipe_45.jpg","license":0,"date_captured":""},{"id":46,"width":2320,"height":3088,"file_name":"pipe_46.jpg","license":0,"date_captured":""},{"id":47,"width":2320,"height":3088,"file_name":"pipe_47.jpg","license":0,"date_captured":""},{"id":48,"width":2320,"height":3088,"file_name":"pipe_48.jpg","license":0,"date_captured":""},{"id":49,"width":2320,"height":3088,"file_name":"pipe_49.jpg","license":0,"date_captured":""},{"id":50,"width":2320,"height":3088,"file_name":"pipe_50.jpg","license":0,"date_captured":""},{"id":51,"width":2320,"height":3088,"file_name":"pipe_51.jpg","license":0,"date_captured":""},{"id":52,"width":2320,"height":3088,"file_name":"pipe_52.jpg","license":0,"date_captured":""},{"id":53,"width":2320,"height":3088,"file_name":"pipe_53.jpg","license":0,"date_captured":""},{"id":54,"width":2320,"height":3088,"file_name":"pipe_54.jpg","license":0,"date_captured":""},{"id":55,"width":2320,"height":3088,"file_name":"pipe_55.jpg","license":0,"date_captured":""},{"id":56,"width":2320,"height":3088,"file_name":"pipe_56.jpg","license":0,"date_captured":""},{"id":57,"width":2320,"height":3088,"file_name":"pipe_57.jpg","license":0,"date_captured":""},{"id":58,"width":2320,"height":3088,"file_name":"pipe_58.jpg","license":0,"date_captured":""},{"id":59,"width":2320,"height":3088,"file_name":"pipe_59.jpg","license":0,"date_captured":""},{"id":60,"width":2320,"height":3088,"file_name":"pipe_60.jpg","license":0,"date_captured":""},{"id":61,"width":2320,"height":3088,"file_name":"pipe_61.jpg","license":0,"date_captured":""},{"id":62,"width":2320,"height":3088,"file_name":"pipe_62.jpg","license":0,"date_captured":""},{"id":63,"width":2320,"height":3088,"file_name":"pipe_63.jpg","license":0,"date_captured":""},{"id":64,"width":2320,"height":3088,"file_name":"pipe_64.jpg","license":0,"date_captured":""},{"id":65,"width":2320,"height":3088,"file_name":"pipe_65.jpg","license":0,"date_captured":""},{"id":66,"width":2320,"height":3088,"file_name":"pipe_66.jpg","license":0,"date_captured":""},{"id":67,"width":2320,"height":3088,"file_name":"pipe_67.jpg","license":0,"date_captured":""},{"id":68,"width":2320,"height":3088,"file_name":"pipe_68.jpg","license":0,"date_captured":""},{"id":69,"width":2320,"height":3088,"file_name":"pipe_69.jpg","license":0,"date_captured":""},{"id":70,"width":2320,"height":3088,"file_name":"pipe_70.jpg","license":0,"date_captured":""},{"id":71,"width":2320,"height":3088,"file_name":"pipe_71.jpg","license":0,"date_captured":""},{"id":72,"width":2320,"height":3088,"file_name":"pipe_72.jpg","license":0,"date_captured":""},{"id":73,"width":2320,"height":3088,"file_name":"pipe_73.jpg","license":0,"date_captured":""},{"id":74,"width":2320,"height":3088,"file_name":"pipe_74.jpg","license":0,"date_captured":""},{"id":75,"width":2320,"height":3088,"file_name":"pipe_75.jpg","license":0,"date_captured":""},{"id":76,"width":2320,"height":3088,"file_name":"pipe_76.jpg","license":0,"date_captured":""},{"id":77,"width":2320,"height":3088,"file_name":"pipe_77.jpg","license":0,"date_captured":""},{"id":78,"width":2320,"height":3088,"file_name":"pipe_78.jpg","license":0,"date_captured":""},{"id":79,"width":2320,"height":3088,"file_name":"pipe_79.jpg","license":0,"date_captured":""},{"id":80,"width":2320,"height":3088,"file_name":"pipe_80.jpg","license":0,"date_captured":""},{"id":81,"width":2320,"height":3088,"file_name":"pipe_81.jpg","license":0,"date_captured":""},{"id":82,"width":2320,"height":3088,"file_name":"pipe_82.jpg","license":0,"date_captured":""},{"id":83,"width":2320,"height":3088,"file_name":"pipe_83.jpg","license":0,"date_captured":""},{"id":84,"width":2320,"height":3088,"file_name":"pipe_84.jpg","license":0,"date_captured":""},{"id":85,"width":2320,"height":3088,"file_name":"pipe_85.jpg","license":0,"date_captured":""},{"id":86,"width":2320,"height":3088,"file_name":"pipe_86.jpg","license":0,"date_captured":""},{"id":87,"width":2320,"height":3088,"file_name":"pipe_87.jpg","license":0,"date_captured":""},{"id":88,"width":2320,"height":3088,"file_name":"pipe_88.jpg","license":0,"date_captured":""},{"id":89,"width":2320,"height":3088,"file_name":"pipe_89.jpg","license":0,"date_captured":""},{"id":90,"width":2320,"height":3088,"file_name":"pipe_90.jpg","license":0,"date_captured":""},{"id":91,"width":2320,"height":3088,"file_name":"pipe_91.jpg","license":0,"date_captured":""},{"id":92,"width":2320,"height":3088,"file_name":"pipe_92.jpg","license":0,"date_captured":""},{"id":93,"width":2320,"height":3088,"file_name":"pipe_93.jpg","license":0,"date_captured":""},{"id":94,"width":2320,"height":3088,"file_name":"pipe_94.jpg","license":0,"date_captured":""},{"id":95,"width":2320,"height":3088,"file_name":"pipe_95.jpg","license":0,"date_captured":""},{"id":96,"width":2320,"height":3088,"file_name":"pipe_96.jpg","license":0,"date_captured":""},{"id":97,"width":2320,"height":3088,"file_name":"pipe_97.jpg","license":0,"date_captured":""},{"id":98,"width":2320,"height":3088,"file_name":"pipe_98.jpg","license":0,"date_captured":""},{"id":99,"width":2320,"height":3088,"file_name":"pipe_99.jpg","license":0,"date_captured":""},{"id":100,"width":2320,"height":3088,"file_name":"pipe_100.jpg","license":0,"date_captured":""},{"id":101,"width":2320,"height":3088,"file_name":"pipe_101.jpg","license":0,"date_captured":""},{"id":102,"width":2320,"height":3088,"file_name":"pipe_102.jpg","license":0,"date_captured":""},{"id":103,"width":2320,"height":3088,"file_name":"pipe_103.jpg","license":0,"date_captured":""},{"id":104,"width":2320,"height":3088,"file_name":"pipe_104.jpg","license":0,"date_captured":""},{"id":105,"width":2320,"height":3088,"file_name":"pipe_105.jpg","license":0,"date_captured":""},{"id":106,"width":2320,"height":3088,"file_name":"pipe_106.jpg","license":0,"date_captured":""},{"id":107,"width":2320,"height":3088,"file_name":"pipe_107.jpg","license":0,"date_captured":""},{"id":108,"width":2320,"height":3088,"file_name":"pipe_108.jpg","license":0,"date_captured":""},{"id":109,"width":2320,"height":3088,"file_name":"pipe_109.jpg","license":0,"date_captured":""},{"id":110,"width":2320,"height":3088,"file_name":"pipe_110.jpg","license":0,"date_captured":""},{"id":111,"width":2320,"height":3088,"file_name":"pipe_111.jpg","license":0,"date_captured":""},{"id":112,"width":2320,"height":3088,"file_name":"pipe_112.jpg","license":0,"date_captured":""}],"annotations":[{"segmentation":[[883,1517,1497,1517,1497,1892,883,1892]],"area":230250,"bbox":[883,1517,614,375],"iscrowd":0,"id":1,"image_id":1,"category_id":2},{"segmentation":[[883,1517,1497,1517,1497,1892,883,1892]],"area":230250,"bbox":[883,1517,614,375],"iscrowd":0,"id":1,"image_id":1,"category_id":2},{"segmentation":[[62,583,228,583,228,719,62,719]],"area":22576,"bbox":[62,583,166,136],"iscrowd":0,"id":3,"image_id":2,"category_id":2},{"segmentation":[[62,583,228,583,228,719,62,719]],"area":22576,"bbox":[62,583,166,136],"iscrowd":0,"id":3,"image_id":2,"category_id":2},{"segmentation":[[747,831,1058,831,1058,1457,747,1457]],"area":194686,"bbox":[747,831,311,626],"iscrowd":0,"id":5,"image_id":3,"category_id":2},{"segmentation":[[747,831,1058,831,1058,1457,747,1457]],"area":194686,"bbox":[747,831,311,626],"iscrowd":0,"id":5,"image_id":3,"category_id":2},{"segmentation":[[239,507,499,507,499,762,239,762]],"area":66300,"bbox":[239,507,260,255],"iscrowd":0,"id":7,"image_id":4,"category_id":2},{"segmentation":[[239,507,499,507,499,762,239,762]],"area":66300,"bbox":[239,507,260,255],"iscrowd":0,"id":7,"image_id":4,"category_id":2},{"segmentation":[[23,579,194,579,194,735,23,735]],"area":26676,"bbox":[23,579,171,156],"iscrowd":0,"id":9,"image_id":5,"category_id":2},{"segmentation":[[23,579,194,579,194,735,23,735]],"area":26676,"bbox":[23,579,171,156],"iscrowd":0,"id":9,"image_id":5,"category_id":2},{"segmentation":[[501,544,713,544,713,697,501,697]],"area":32436,"bbox":[501,544,212,153],"iscrowd":0,"id":11,"image_id":6,"category_id":2},{"segmentation":[[501,544,713,544,713,697,501,697]],"area":32436,"bbox":[501,544,212,153],"iscrowd":0,"id":11,"image_id":6,"category_id":2},{"segmentation":[[489,1254,866,1254,866,1701,489,1701]],"area":168519,"bbox":[489,1254,377,447],"iscrowd":0,"id":13,"image_id":7,"category_id":2},{"segmentation":[[489,1254,866,1254,866,1701,489,1701]],"area":168519,"bbox":[489,1254,377,447],"iscrowd":0,"id":13,"image_id":7,"category_id":2},{"segmentation":[[287,328,510,328,510,565,287,565]],"area":52851,"bbox":[287,328,223,237],"iscrowd":0,"id":15,"image_id":8,"category_id":2},{"segmentation":[[287,328,510,328,510,565,287,565]],"area":52851,"bbox":[287,328,223,237],"iscrowd":0,"id":15,"image_id":8,"category_id":2},{"segmentation":[[483,1124,904,1124,904,1547,483,1547]],"area":178083,"bbox":[483,1124,421,423],"iscrowd":0,"id":17,"image_id":9,"category_id":2},{"segmentation":[[483,1124,904,1124,904,1547,483,1547]],"area":178083,"bbox":[483,1124,421,423],"iscrowd":0,"id":17,"image_id":9,"category_id":2},{"segmentation":[[3,534,174,534,174,664,3,664]],"area":22230,"bbox":[3,534,171,130],"iscrowd":0,"id":19,"image_id":10,"category_id":2},{"segmentation":[[3,534,174,534,174,664,3,664]],"area":22230,"bbox":[3,534,171,130],"iscrowd":0,"id":19,"image_id":10,"category_id":2},{"segmentation":[[500,536,689,536,689,701,500,701]],"area":31185,"bbox":[500,536,189,165],"iscrowd":0,"id":21,"image_id":11,"category_id":2},{"segmentation":[[500,536,689,536,689,701,500,701]],"area":31185,"bbox":[500,536,189,165],"iscrowd":0,"id":21,"image_id":11,"category_id":2},{"segmentation":[[880,1510,1484,1510,1484,1878,880,1878]],"area":222272,"bbox":[880,1510,604,368],"iscrowd":0,"id":23,"image_id":12,"category_id":2},{"segmentation":[[880,1510,1484,1510,1484,1878,880,1878]],"area":222272,"bbox":[880,1510,604,368],"iscrowd":0,"id":23,"image_id":12,"category_id":2},{"segmentation":[[889,1543,1503,1543,1503,1868,889,1868]],"area":199550,"bbox":[889,1543,614,325],"iscrowd":0,"id":25,"image_id":13,"category_id":2},{"segmentation":[[889,1543,1503,1543,1503,1868,889,1868]],"area":199550,"bbox":[889,1543,614,325],"iscrowd":0,"id":25,"image_id":13,"category_id":2},{"segmentation":[[886,1513,1520,1513,1520,1888,886,1888]],"area":237750,"bbox":[886,1513,634,375],"iscrowd":0,"id":27,"image_id":14,"category_id":2},{"segmentation":[[886,1513,1520,1513,1520,1888,886,1888]],"area":237750,"bbox":[886,1513,634,375],"iscrowd":0,"id":27,"image_id":14,"category_id":2},{"segmentation":[[893,1520,1510,1520,1510,1872,893,1872]],"area":217184,"bbox":[893,1520,617,352],"iscrowd":0,"id":29,"image_id":15,"category_id":2},{"segmentation":[[893,1520,1510,1520,1510,1872,893,1872]],"area":217184,"bbox":[893,1520,617,352],"iscrowd":0,"id":29,"image_id":15,"category_id":2},{"segmentation":[[830,1477,1245,1477,1245,2171,830,2171]],"area":288010,"bbox":[830,1477,415,694],"iscrowd":0,"id":31,"image_id":16,"category_id":2},{"segmentation":[[830,1477,1245,1477,1245,2171,830,2171]],"area":288010,"bbox":[830,1477,415,694],"iscrowd":0,"id":31,"image_id":16,"category_id":2},{"segmentation":[[850,1450,1228,1450,1228,2164,850,2164]],"area":269892,"bbox":[850,1450,378,714],"iscrowd":0,"id":33,"image_id":17,"category_id":2},{"segmentation":[[850,1450,1228,1450,1228,2164,850,2164]],"area":269892,"bbox":[850,1450,378,714],"iscrowd":0,"id":33,"image_id":17,"category_id":2},{"segmentation":[[856,1437,1258,1437,1258,2197,856,2197]],"area":305520,"bbox":[856,1437,402,760],"iscrowd":0,"id":35,"image_id":18,"category_id":2},{"segmentation":[[856,1437,1258,1437,1258,2197,856,2197]],"area":305520,"bbox":[856,1437,402,760],"iscrowd":0,"id":35,"image_id":18,"category_id":2},{"segmentation":[[830,1447,1252,1447,1252,2184,830,2184]],"area":311014,"bbox":[830,1447,422,737],"iscrowd":0,"id":37,"image_id":19,"category_id":2},{"segmentation":[[830,1447,1252,1447,1252,2184,830,2184]],"area":311014,"bbox":[830,1447,422,737],"iscrowd":0,"id":37,"image_id":19,"category_id":2},{"segmentation":[[856,1454,1254,1454,1254,2188,856,2188]],"area":292132,"bbox":[856,1454,398,734],"iscrowd":0,"id":39,"image_id":20,"category_id":2},{"segmentation":[[856,1454,1254,1454,1254,2188,856,2188]],"area":292132,"bbox":[856,1454,398,734],"iscrowd":0,"id":39,"image_id":20,"category_id":2},{"segmentation":[[883,1457,1248,1457,1248,2214,883,2214]],"area":276305,"bbox":[883,1457,365,757],"iscrowd":0,"id":41,"image_id":21,"category_id":2},{"segmentation":[[883,1457,1248,1457,1248,2214,883,2214]],"area":276305,"bbox":[883,1457,365,757],"iscrowd":0,"id":41,"image_id":21,"category_id":2},{"segmentation":[[860,1427,1235,1427,1235,2180,860,2180]],"area":282375,"bbox":[860,1427,375,753],"iscrowd":0,"id":43,"image_id":22,"category_id":2},{"segmentation":[[860,1427,1235,1427,1235,2180,860,2180]],"area":282375,"bbox":[860,1427,375,753],"iscrowd":0,"id":43,"image_id":22,"category_id":2},{"segmentation":[[816,1513,1294,1513,1294,2104,816,2104]],"area":282498,"bbox":[816,1513,478,591],"iscrowd":0,"id":45,"image_id":23,"category_id":2},{"segmentation":[[816,1513,1294,1513,1294,2104,816,2104]],"area":282498,"bbox":[816,1513,478,591],"iscrowd":0,"id":45,"image_id":23,"category_id":2},{"segmentation":[[853,1497,1291,1497,1291,2134,853,2134]],"area":279006,"bbox":[853,1497,438,637],"iscrowd":0,"id":47,"image_id":24,"category_id":2},{"segmentation":[[853,1497,1291,1497,1291,2134,853,2134]],"area":279006,"bbox":[853,1497,438,637],"iscrowd":0,"id":47,"image_id":24,"category_id":2},{"segmentation":[[571,1371,1208,1371,1208,1826,571,1826]],"area":289835,"bbox":[571,1371,637,455],"iscrowd":0,"id":49,"image_id":25,"category_id":2},{"segmentation":[[571,1371,1208,1371,1208,1826,571,1826]],"area":289835,"bbox":[571,1371,637,455],"iscrowd":0,"id":49,"image_id":25,"category_id":2},{"segmentation":[[873,1490,1291,1490,1291,2214,873,2214]],"area":302632,"bbox":[873,1490,418,724],"iscrowd":0,"id":51,"image_id":26,"category_id":2},{"segmentation":[[873,1490,1291,1490,1291,2214,873,2214]],"area":302632,"bbox":[873,1490,418,724],"iscrowd":0,"id":51,"image_id":26,"category_id":2},{"segmentation":[[1314,1650,1965,1650,1965,2221,1314,2221]],"area":371721,"bbox":[1314,1650,651,571],"iscrowd":0,"id":53,"image_id":27,"category_id":2},{"segmentation":[[1314,1650,1965,1650,1965,2221,1314,2221]],"area":371721,"bbox":[1314,1650,651,571],"iscrowd":0,"id":53,"image_id":27,"category_id":2},{"segmentation":[[1265,1643,1906,1643,1906,2157,1265,2157]],"area":329474,"bbox":[1265,1643,641,514],"iscrowd":0,"id":55,"image_id":28,"category_id":2},{"segmentation":[[1265,1643,1906,1643,1906,2157,1265,2157]],"area":329474,"bbox":[1265,1643,641,514],"iscrowd":0,"id":55,"image_id":28,"category_id":2},{"segmentation":[[1265,1673,1912,1673,1912,2121,1265,2121]],"area":289856,"bbox":[1265,1673,647,448],"iscrowd":0,"id":57,"image_id":29,"category_id":2},{"segmentation":[[1265,1673,1912,1673,1912,2121,1265,2121]],"area":289856,"bbox":[1265,1673,647,448],"iscrowd":0,"id":57,"image_id":29,"category_id":2},{"segmentation":[[1275,1825,1935,1825,1935,2240,1275,2240]],"area":273900,"bbox":[1275,1825,660,415],"iscrowd":0,"id":59,"image_id":30,"category_id":2},{"segmentation":[[1275,1825,1935,1825,1935,2240,1275,2240]],"area":273900,"bbox":[1275,1825,660,415],"iscrowd":0,"id":59,"image_id":30,"category_id":2},{"segmentation":[[1235,1806,1899,1806,1899,2145,1235,2145]],"area":225096,"bbox":[1235,1806,664,339],"iscrowd":0,"id":61,"image_id":31,"category_id":2},{"segmentation":[[1235,1806,1899,1806,1899,2145,1235,2145]],"area":225096,"bbox":[1235,1806,664,339],"iscrowd":0,"id":61,"image_id":31,"category_id":2},{"segmentation":[[1271,1822,1908,1822,1908,2207,1271,2207]],"area":245245,"bbox":[1271,1822,637,385],"iscrowd":0,"id":63,"image_id":32,"category_id":2},{"segmentation":[[1271,1822,1908,1822,1908,2207,1271,2207]],"area":245245,"bbox":[1271,1822,637,385],"iscrowd":0,"id":63,"image_id":32,"category_id":2},{"segmentation":[[1228,1845,1882,1845,1882,2213,1228,2213]],"area":240672,"bbox":[1228,1845,654,368],"iscrowd":0,"id":65,"image_id":33,"category_id":2},{"segmentation":[[1228,1845,1882,1845,1882,2213,1228,2213]],"area":240672,"bbox":[1228,1845,654,368],"iscrowd":0,"id":65,"image_id":33,"category_id":2},{"segmentation":[[883,1789,1281,1789,1281,2260,883,2260]],"area":187458,"bbox":[883,1789,398,471],"iscrowd":0,"id":67,"image_id":34,"category_id":2},{"segmentation":[[883,1789,1281,1789,1281,2260,883,2260]],"area":187458,"bbox":[883,1789,398,471],"iscrowd":0,"id":67,"image_id":34,"category_id":2},{"segmentation":[[1006,1835,1348,1835,1348,2300,1006,2300]],"area":159030,"bbox":[1006,1835,342,465],"iscrowd":0,"id":69,"image_id":35,"category_id":2},{"segmentation":[[1006,1835,1348,1835,1348,2300,1006,2300]],"area":159030,"bbox":[1006,1835,342,465],"iscrowd":0,"id":69,"image_id":35,"category_id":2},{"segmentation":[[1188,1892,1480,1892,1480,2396,1188,2396]],"area":147168,"bbox":[1188,1892,292,504],"iscrowd":0,"id":71,"image_id":36,"category_id":2},{"segmentation":[[1188,1892,1480,1892,1480,2396,1188,2396]],"area":147168,"bbox":[1188,1892,292,504],"iscrowd":0,"id":71,"image_id":36,"category_id":2},{"segmentation":[[1324,1829,1686,1829,1686,2380,1324,2380]],"area":199462,"bbox":[1324,1829,362,551],"iscrowd":0,"id":73,"image_id":37,"category_id":2},{"segmentation":[[1324,1829,1686,1829,1686,2380,1324,2380]],"area":199462,"bbox":[1324,1829,362,551],"iscrowd":0,"id":73,"image_id":37,"category_id":2},{"segmentation":[[1265,1839,1683,1839,1683,2350,1265,2350]],"area":213598,"bbox":[1265,1839,418,511],"iscrowd":0,"id":75,"image_id":38,"category_id":2},{"segmentation":[[1265,1839,1683,1839,1683,2350,1265,2350]],"area":213598,"bbox":[1265,1839,418,511],"iscrowd":0,"id":75,"image_id":38,"category_id":2},{"segmentation":[[1082,1679,1500,1679,1500,2217,1082,2217]],"area":224884,"bbox":[1082,1679,418,538],"iscrowd":0,"id":77,"image_id":39,"category_id":2},{"segmentation":[[1082,1679,1500,1679,1500,2217,1082,2217]],"area":224884,"bbox":[1082,1679,418,538],"iscrowd":0,"id":77,"image_id":39,"category_id":2},{"segmentation":[[992,1729,1377,1729,1377,2184,992,2184]],"area":175175,"bbox":[992,1729,385,455],"iscrowd":0,"id":79,"image_id":40,"category_id":2},{"segmentation":[[992,1729,1377,1729,1377,2184,992,2184]],"area":175175,"bbox":[992,1729,385,455],"iscrowd":0,"id":79,"image_id":40,"category_id":2},{"segmentation":[[933,1759,1331,1759,1331,2263,933,2263]],"area":200592,"bbox":[933,1759,398,504],"iscrowd":0,"id":81,"image_id":41,"category_id":2},{"segmentation":[[933,1759,1331,1759,1331,2263,933,2263]],"area":200592,"bbox":[933,1759,398,504],"iscrowd":0,"id":81,"image_id":41,"category_id":2},{"segmentation":[[1109,1739,1477,1739,1477,2260,1109,2260]],"area":191728,"bbox":[1109,1739,368,521],"iscrowd":0,"id":83,"image_id":42,"category_id":2},{"segmentation":[[1109,1739,1477,1739,1477,2260,1109,2260]],"area":191728,"bbox":[1109,1739,368,521],"iscrowd":0,"id":83,"image_id":42,"category_id":2},{"segmentation":[[1109,1832,1444,1832,1444,2376,1109,2376]],"area":182240,"bbox":[1109,1832,335,544],"iscrowd":0,"id":85,"image_id":43,"category_id":2},{"segmentation":[[1109,1832,1444,1832,1444,2376,1109,2376]],"area":182240,"bbox":[1109,1832,335,544],"iscrowd":0,"id":85,"image_id":43,"category_id":2},{"segmentation":[[883,1404,1626,1404,1626,1882,883,1882]],"area":355154,"bbox":[883,1404,743,478],"iscrowd":0,"id":87,"image_id":44,"category_id":2},{"segmentation":[[883,1404,1626,1404,1626,1882,883,1882]],"area":355154,"bbox":[883,1404,743,478],"iscrowd":0,"id":87,"image_id":44,"category_id":2},{"segmentation":[[883,1437,1607,1437,1607,1938,883,1938]],"area":362724,"bbox":[883,1437,724,501],"iscrowd":0,"id":89,"image_id":45,"category_id":2},{"segmentation":[[883,1437,1607,1437,1607,1938,883,1938]],"area":362724,"bbox":[883,1437,724,501],"iscrowd":0,"id":89,"image_id":45,"category_id":2},{"segmentation":[[860,1464,1570,1464,1570,1949,860,1949]],"area":344350,"bbox":[860,1464,710,485],"iscrowd":0,"id":91,"image_id":46,"category_id":2},{"segmentation":[[860,1464,1570,1464,1570,1949,860,1949]],"area":344350,"bbox":[860,1464,710,485],"iscrowd":0,"id":91,"image_id":46,"category_id":2},{"segmentation":[[1029,1557,1809,1557,1809,2005,1029,2005]],"area":349440,"bbox":[1029,1557,780,448],"iscrowd":0,"id":93,"image_id":47,"category_id":2},{"segmentation":[[1029,1557,1809,1557,1809,2005,1029,2005]],"area":349440,"bbox":[1029,1557,780,448],"iscrowd":0,"id":93,"image_id":47,"category_id":2},{"segmentation":[[1042,1620,1829,1620,1829,2048,1042,2048]],"area":336836,"bbox":[1042,1620,787,428],"iscrowd":0,"id":95,"image_id":48,"category_id":2},{"segmentation":[[1042,1620,1829,1620,1829,2048,1042,2048]],"area":336836,"bbox":[1042,1620,787,428],"iscrowd":0,"id":95,"image_id":48,"category_id":2},{"segmentation":[[956,1517,1789,1517,1789,1965,956,1965]],"area":373184,"bbox":[956,1517,833,448],"iscrowd":0,"id":97,"image_id":49,"category_id":2},{"segmentation":[[956,1517,1789,1517,1789,1965,956,1965]],"area":373184,"bbox":[956,1517,833,448],"iscrowd":0,"id":97,"image_id":49,"category_id":2},{"segmentation":[[972,1520,1792,1520,1792,1971,972,1971]],"area":369820,"bbox":[972,1520,820,451],"iscrowd":0,"id":99,"image_id":50,"category_id":2},{"segmentation":[[972,1520,1792,1520,1792,1971,972,1971]],"area":369820,"bbox":[972,1520,820,451],"iscrowd":0,"id":99,"image_id":50,"category_id":2},{"segmentation":[[919,1334,1483,1334,1483,1938,919,1938]],"area":340656,"bbox":[919,1334,564,604],"iscrowd":0,"id":101,"image_id":51,"category_id":2},{"segmentation":[[919,1334,1483,1334,1483,1938,919,1938]],"area":340656,"bbox":[919,1334,564,604],"iscrowd":0,"id":101,"image_id":51,"category_id":2},{"segmentation":[[899,1513,1599,1513,1599,1931,899,1931]],"area":292600,"bbox":[899,1513,700,418],"iscrowd":0,"id":103,"image_id":52,"category_id":2},{"segmentation":[[899,1513,1599,1513,1599,1931,899,1931]],"area":292600,"bbox":[899,1513,700,418],"iscrowd":0,"id":103,"image_id":52,"category_id":2},{"segmentation":[[946,1543,1650,1543,1650,1961,946,1961]],"area":294272,"bbox":[946,1543,704,418],"iscrowd":0,"id":105,"image_id":53,"category_id":2},{"segmentation":[[946,1543,1650,1543,1650,1961,946,1961]],"area":294272,"bbox":[946,1543,704,418],"iscrowd":0,"id":105,"image_id":53,"category_id":2},{"segmentation":[[999,1656,1723,1656,1723,2054,999,2054]],"area":288152,"bbox":[999,1656,724,398],"iscrowd":0,"id":107,"image_id":54,"category_id":2},{"segmentation":[[999,1656,1723,1656,1723,2054,999,2054]],"area":288152,"bbox":[999,1656,724,398],"iscrowd":0,"id":107,"image_id":54,"category_id":2},{"segmentation":[[946,1709,1666,1709,1666,2074,946,2074]],"area":262800,"bbox":[946,1709,720,365],"iscrowd":0,"id":109,"image_id":55,"category_id":2},{"segmentation":[[946,1709,1666,1709,1666,2074,946,2074]],"area":262800,"bbox":[946,1709,720,365],"iscrowd":0,"id":109,"image_id":55,"category_id":2},{"segmentation":[[943,1739,1667,1739,1667,2114,943,2114]],"area":271500,"bbox":[943,1739,724,375],"iscrowd":0,"id":111,"image_id":56,"category_id":2},{"segmentation":[[943,1739,1667,1739,1667,2114,943,2114]],"area":271500,"bbox":[943,1739,724,375],"iscrowd":0,"id":111,"image_id":56,"category_id":2},{"segmentation":[[866,1699,1487,1699,1487,2081,866,2081]],"area":237222,"bbox":[866,1699,621,382],"iscrowd":0,"id":113,"image_id":57,"category_id":2},{"segmentation":[[866,1699,1487,1699,1487,2081,866,2081]],"area":237222,"bbox":[866,1699,621,382],"iscrowd":0,"id":113,"image_id":57,"category_id":2},{"segmentation":[[863,1709,1437,1709,1437,2084,863,2084]],"area":215250,"bbox":[863,1709,574,375],"iscrowd":0,"id":115,"image_id":58,"category_id":2},{"segmentation":[[863,1709,1437,1709,1437,2084,863,2084]],"area":215250,"bbox":[863,1709,574,375],"iscrowd":0,"id":115,"image_id":58,"category_id":2},{"segmentation":[[899,1749,1530,1749,1530,2131,899,2131]],"area":241042,"bbox":[899,1749,631,382],"iscrowd":0,"id":117,"image_id":59,"category_id":2},{"segmentation":[[899,1749,1530,1749,1530,2131,899,2131]],"area":241042,"bbox":[899,1749,631,382],"iscrowd":0,"id":117,"image_id":59,"category_id":2},{"segmentation":[[664,1580,1046,1580,1046,2231,664,2231]],"area":248682,"bbox":[664,1580,382,651],"iscrowd":0,"id":119,"image_id":60,"category_id":2},{"segmentation":[[664,1580,1046,1580,1046,2231,664,2231]],"area":248682,"bbox":[664,1580,382,651],"iscrowd":0,"id":119,"image_id":60,"category_id":2},{"segmentation":[[654,1623,999,1623,999,2247,654,2247]],"area":215280,"bbox":[654,1623,345,624],"iscrowd":0,"id":121,"image_id":61,"category_id":2},{"segmentation":[[654,1623,999,1623,999,2247,654,2247]],"area":215280,"bbox":[654,1623,345,624],"iscrowd":0,"id":121,"image_id":61,"category_id":2},{"segmentation":[[670,1613,999,1613,999,2240,670,2240]],"area":206283,"bbox":[670,1613,329,627],"iscrowd":0,"id":123,"image_id":62,"category_id":2},{"segmentation":[[670,1613,999,1613,999,2240,670,2240]],"area":206283,"bbox":[670,1613,329,627],"iscrowd":0,"id":123,"image_id":62,"category_id":2},{"segmentation":[[667,1660,1012,1660,1012,2327,667,2327]],"area":230115,"bbox":[667,1660,345,667],"iscrowd":0,"id":125,"image_id":63,"category_id":2},{"segmentation":[[667,1660,1012,1660,1012,2327,667,2327]],"area":230115,"bbox":[667,1660,345,667],"iscrowd":0,"id":125,"image_id":63,"category_id":2},{"segmentation":[[697,1666,1016,1666,1016,2297,697,2297]],"area":201289,"bbox":[697,1666,319,631],"iscrowd":0,"id":127,"image_id":64,"category_id":2},{"segmentation":[[697,1666,1016,1666,1016,2297,697,2297]],"area":201289,"bbox":[697,1666,319,631],"iscrowd":0,"id":127,"image_id":64,"category_id":2},{"segmentation":[[660,1679,1028,1679,1028,2320,660,2320]],"area":235888,"bbox":[660,1679,368,641],"iscrowd":0,"id":129,"image_id":65,"category_id":2},{"segmentation":[[660,1679,1028,1679,1028,2320,660,2320]],"area":235888,"bbox":[660,1679,368,641],"iscrowd":0,"id":129,"image_id":65,"category_id":2},{"segmentation":[[684,1636,1076,1636,1076,2280,684,2280]],"area":252448,"bbox":[684,1636,392,644],"iscrowd":0,"id":131,"image_id":66,"category_id":2},{"segmentation":[[684,1636,1076,1636,1076,2280,684,2280]],"area":252448,"bbox":[684,1636,392,644],"iscrowd":0,"id":131,"image_id":66,"category_id":2},{"segmentation":[[690,1620,1052,1620,1052,2304,690,2304]],"area":247608,"bbox":[690,1620,362,684],"iscrowd":0,"id":133,"image_id":67,"category_id":2},{"segmentation":[[690,1620,1052,1620,1052,2304,690,2304]],"area":247608,"bbox":[690,1620,362,684],"iscrowd":0,"id":133,"image_id":67,"category_id":2},{"segmentation":[[647,1640,1029,1640,1029,2277,647,2277]],"area":243334,"bbox":[647,1640,382,637],"iscrowd":0,"id":135,"image_id":68,"category_id":2},{"segmentation":[[647,1640,1029,1640,1029,2277,647,2277]],"area":243334,"bbox":[647,1640,382,637],"iscrowd":0,"id":135,"image_id":68,"category_id":2},{"segmentation":[[717,1673,1079,1673,1079,2304,717,2304]],"area":228422,"bbox":[717,1673,362,631],"iscrowd":0,"id":137,"image_id":69,"category_id":2},{"segmentation":[[717,1673,1079,1673,1079,2304,717,2304]],"area":228422,"bbox":[717,1673,362,631],"iscrowd":0,"id":137,"image_id":69,"category_id":2},{"segmentation":[[694,1666,1069,1666,1069,2320,694,2320]],"area":245250,"bbox":[694,1666,375,654],"iscrowd":0,"id":139,"image_id":70,"category_id":2},{"segmentation":[[694,1666,1069,1666,1069,2320,694,2320]],"area":245250,"bbox":[694,1666,375,654],"iscrowd":0,"id":139,"image_id":70,"category_id":2},{"segmentation":[[714,1699,1076,1699,1076,2340,714,2340]],"area":232042,"bbox":[714,1699,362,641],"iscrowd":0,"id":141,"image_id":71,"category_id":2},{"segmentation":[[714,1699,1076,1699,1076,2340,714,2340]],"area":232042,"bbox":[714,1699,362,641],"iscrowd":0,"id":141,"image_id":71,"category_id":2},{"segmentation":[[677,1630,1069,1630,1069,2287,677,2287]],"area":257544,"bbox":[677,1630,392,657],"iscrowd":0,"id":143,"image_id":72,"category_id":2},{"segmentation":[[677,1630,1069,1630,1069,2287,677,2287]],"area":257544,"bbox":[677,1630,392,657],"iscrowd":0,"id":143,"image_id":72,"category_id":2},{"segmentation":[[568,1640,999,1640,999,2320,568,2320]],"area":293080,"bbox":[568,1640,431,680],"iscrowd":0,"id":145,"image_id":73,"category_id":2},{"segmentation":[[568,1640,999,1640,999,2320,568,2320]],"area":293080,"bbox":[568,1640,431,680],"iscrowd":0,"id":145,"image_id":73,"category_id":2},{"segmentation":[[534,1676,992,1676,992,2376,534,2376]],"area":320600,"bbox":[534,1676,458,700],"iscrowd":0,"id":147,"image_id":74,"category_id":2},{"segmentation":[[534,1676,992,1676,992,2376,534,2376]],"area":320600,"bbox":[534,1676,458,700],"iscrowd":0,"id":147,"image_id":74,"category_id":2},{"segmentation":[[501,1733,923,1733,923,2440,501,2440]],"area":298354,"bbox":[501,1733,422,707],"iscrowd":0,"id":149,"image_id":75,"category_id":2},{"segmentation":[[501,1733,923,1733,923,2440,501,2440]],"area":298354,"bbox":[501,1733,422,707],"iscrowd":0,"id":149,"image_id":75,"category_id":2},{"segmentation":[[903,2031,1261,2031,1261,2638,903,2638]],"area":217306,"bbox":[903,2031,358,607],"iscrowd":0,"id":151,"image_id":76,"category_id":2},{"segmentation":[[903,2031,1261,2031,1261,2638,903,2638]],"area":217306,"bbox":[903,2031,358,607],"iscrowd":0,"id":151,"image_id":76,"category_id":2},{"segmentation":[[946,2051,1275,2051,1275,2645,946,2645]],"area":195426,"bbox":[946,2051,329,594],"iscrowd":0,"id":153,"image_id":77,"category_id":2},{"segmentation":[[946,2051,1275,2051,1275,2645,946,2645]],"area":195426,"bbox":[946,2051,329,594],"iscrowd":0,"id":153,"image_id":77,"category_id":2},{"segmentation":[[899,2098,1238,2098,1238,2715,899,2715]],"area":209163,"bbox":[899,2098,339,617],"iscrowd":0,"id":155,"image_id":78,"category_id":2},{"segmentation":[[899,2098,1238,2098,1238,2715,899,2715]],"area":209163,"bbox":[899,2098,339,617],"iscrowd":0,"id":155,"image_id":78,"category_id":2},{"segmentation":[[889,2134,1228,2134,1228,2721,889,2721]],"area":198993,"bbox":[889,2134,339,587],"iscrowd":0,"id":157,"image_id":79,"category_id":2},{"segmentation":[[889,2134,1228,2134,1228,2721,889,2721]],"area":198993,"bbox":[889,2134,339,587],"iscrowd":0,"id":157,"image_id":79,"category_id":2},{"segmentation":[[889,2134,1224,2134,1224,2712,889,2712]],"area":193630,"bbox":[889,2134,335,578],"iscrowd":0,"id":159,"image_id":80,"category_id":2},{"segmentation":[[889,2134,1224,2134,1224,2712,889,2712]],"area":193630,"bbox":[889,2134,335,578],"iscrowd":0,"id":159,"image_id":80,"category_id":2},{"segmentation":[[850,2147,1185,2147,1185,2764,850,2764]],"area":206695,"bbox":[850,2147,335,617],"iscrowd":0,"id":161,"image_id":81,"category_id":2},{"segmentation":[[850,2147,1185,2147,1185,2764,850,2764]],"area":206695,"bbox":[850,2147,335,617],"iscrowd":0,"id":161,"image_id":81,"category_id":2},{"segmentation":[[770,2230,1072,2230,1072,2831,770,2831]],"area":181502,"bbox":[770,2230,302,601],"iscrowd":0,"id":163,"image_id":82,"category_id":2},{"segmentation":[[770,2230,1072,2230,1072,2831,770,2831]],"area":181502,"bbox":[770,2230,302,601],"iscrowd":0,"id":163,"image_id":82,"category_id":2},{"segmentation":[[876,2164,1185,2164,1185,2831,876,2831]],"area":206103,"bbox":[876,2164,309,667],"iscrowd":0,"id":165,"image_id":83,"category_id":2},{"segmentation":[[876,2164,1185,2164,1185,2831,876,2831]],"area":206103,"bbox":[876,2164,309,667],"iscrowd":0,"id":165,"image_id":83,"category_id":2},{"segmentation":[[966,2227,1251,2227,1251,2894,966,2894]],"area":190095,"bbox":[966,2227,285,667],"iscrowd":0,"id":167,"image_id":84,"category_id":2},{"segmentation":[[966,2227,1251,2227,1251,2894,966,2894]],"area":190095,"bbox":[966,2227,285,667],"iscrowd":0,"id":167,"image_id":84,"category_id":2},{"segmentation":[[1012,2247,1284,2247,1284,2907,1012,2907]],"area":179520,"bbox":[1012,2247,272,660],"iscrowd":0,"id":169,"image_id":85,"category_id":2},{"segmentation":[[1012,2247,1284,2247,1284,2907,1012,2907]],"area":179520,"bbox":[1012,2247,272,660],"iscrowd":0,"id":169,"image_id":85,"category_id":2},{"segmentation":[[1065,2293,1357,2293,1357,2957,1065,2957]],"area":193888,"bbox":[1065,2293,292,664],"iscrowd":0,"id":171,"image_id":86,"category_id":2},{"segmentation":[[1065,2293,1357,2293,1357,2957,1065,2957]],"area":193888,"bbox":[1065,2293,292,664],"iscrowd":0,"id":171,"image_id":86,"category_id":2},{"segmentation":[[1275,2366,1906,2366,1906,2827,1275,2827]],"area":290891,"bbox":[1275,2366,631,461],"iscrowd":0,"id":173,"image_id":87,"category_id":2},{"segmentation":[[1275,2366,1906,2366,1906,2827,1275,2827]],"area":290891,"bbox":[1275,2366,631,461],"iscrowd":0,"id":173,"image_id":87,"category_id":2},{"segmentation":[[1248,2343,1869,2343,1869,2804,1248,2804]],"area":286281,"bbox":[1248,2343,621,461],"iscrowd":0,"id":175,"image_id":88,"category_id":2},{"segmentation":[[1248,2343,1869,2343,1869,2804,1248,2804]],"area":286281,"bbox":[1248,2343,621,461],"iscrowd":0,"id":175,"image_id":88,"category_id":2},{"segmentation":[[1208,2376,1809,2376,1809,2781,1208,2781]],"area":243405,"bbox":[1208,2376,601,405],"iscrowd":0,"id":177,"image_id":89,"category_id":2},{"segmentation":[[1208,2376,1809,2376,1809,2781,1208,2781]],"area":243405,"bbox":[1208,2376,601,405],"iscrowd":0,"id":177,"image_id":89,"category_id":2},{"segmentation":[[1201,2323,1812,2323,1812,2804,1201,2804]],"area":293891,"bbox":[1201,2323,611,481],"iscrowd":0,"id":179,"image_id":90,"category_id":2},{"segmentation":[[1201,2323,1812,2323,1812,2804,1201,2804]],"area":293891,"bbox":[1201,2323,611,481],"iscrowd":0,"id":179,"image_id":90,"category_id":2},{"segmentation":[[1145,2327,1732,2327,1732,2749,1145,2749]],"area":247714,"bbox":[1145,2327,587,422],"iscrowd":0,"id":181,"image_id":91,"category_id":2},{"segmentation":[[1145,2327,1732,2327,1732,2749,1145,2749]],"area":247714,"bbox":[1145,2327,587,422],"iscrowd":0,"id":181,"image_id":91,"category_id":2},{"segmentation":[[989,1892,1464,1892,1464,2191,989,2191]],"area":142025,"bbox":[989,1892,475,299],"iscrowd":0,"id":183,"image_id":92,"category_id":2},{"segmentation":[[989,1892,1464,1892,1464,2191,989,2191]],"area":142025,"bbox":[989,1892,475,299],"iscrowd":0,"id":183,"image_id":92,"category_id":2},{"segmentation":[[979,2108,1543,2108,1543,2443,979,2443]],"area":188940,"bbox":[979,2108,564,335],"iscrowd":0,"id":185,"image_id":93,"category_id":2},{"segmentation":[[979,2108,1543,2108,1543,2443,979,2443]],"area":188940,"bbox":[979,2108,564,335],"iscrowd":0,"id":185,"image_id":93,"category_id":2},{"segmentation":[[963,2433,1541,2433,1541,2855,963,2855]],"area":243916,"bbox":[963,2433,578,422],"iscrowd":0,"id":187,"image_id":94,"category_id":2},{"segmentation":[[963,2433,1541,2433,1541,2855,963,2855]],"area":243916,"bbox":[963,2433,578,422],"iscrowd":0,"id":187,"image_id":94,"category_id":2},{"segmentation":[[807,2456,1381,2456,1381,2897,807,2897]],"area":253134,"bbox":[807,2456,574,441],"iscrowd":0,"id":189,"image_id":95,"category_id":2},{"segmentation":[[807,2456,1381,2456,1381,2897,807,2897]],"area":253134,"bbox":[807,2456,574,441],"iscrowd":0,"id":189,"image_id":95,"category_id":2},{"segmentation":[[627,2589,1198,2589,1198,3047,627,3047]],"area":261518,"bbox":[627,2589,571,458],"iscrowd":0,"id":191,"image_id":96,"category_id":2},{"segmentation":[[627,2589,1198,2589,1198,3047,627,3047]],"area":261518,"bbox":[627,2589,571,458],"iscrowd":0,"id":191,"image_id":96,"category_id":2},{"segmentation":[[1344,2260,1746,2260,1746,2711,1344,2711]],"area":181302,"bbox":[1344,2260,402,451],"iscrowd":0,"id":193,"image_id":97,"category_id":2},{"segmentation":[[1344,2260,1746,2260,1746,2711,1344,2711]],"area":181302,"bbox":[1344,2260,402,451],"iscrowd":0,"id":193,"image_id":97,"category_id":2},{"segmentation":[[1457,2207,1869,2207,1869,2542,1457,2542]],"area":138020,"bbox":[1457,2207,412,335],"iscrowd":0,"id":195,"image_id":98,"category_id":2},{"segmentation":[[1457,2207,1869,2207,1869,2542,1457,2542]],"area":138020,"bbox":[1457,2207,412,335],"iscrowd":0,"id":195,"image_id":98,"category_id":2},{"segmentation":[[1245,2074,1783,2074,1783,2369,1245,2369]],"area":158710,"bbox":[1245,2074,538,295],"iscrowd":0,"id":197,"image_id":99,"category_id":2},{"segmentation":[[1245,2074,1783,2074,1783,2369,1245,2369]],"area":158710,"bbox":[1245,2074,538,295],"iscrowd":0,"id":197,"image_id":99,"category_id":2},{"segmentation":[[926,2008,1464,2008,1464,2264,926,2264]],"area":137728,"bbox":[926,2008,538,256],"iscrowd":0,"id":199,"image_id":100,"category_id":2},{"segmentation":[[926,2008,1464,2008,1464,2264,926,2264]],"area":137728,"bbox":[926,2008,538,256],"iscrowd":0,"id":199,"image_id":100,"category_id":2},{"segmentation":[[697,2124,1225,2124,1225,2416,697,2416]],"area":154176,"bbox":[697,2124,528,292],"iscrowd":0,"id":201,"image_id":101,"category_id":2},{"segmentation":[[697,2124,1225,2124,1225,2416,697,2416]],"area":154176,"bbox":[697,2124,528,292],"iscrowd":0,"id":201,"image_id":101,"category_id":2},{"segmentation":[[830,1643,1447,1643,1447,2055,830,2055]],"area":254204,"bbox":[830,1643,617,412],"iscrowd":0,"id":203,"image_id":102,"category_id":2},{"segmentation":[[830,1643,1447,1643,1447,2055,830,2055]],"area":254204,"bbox":[830,1643,617,412],"iscrowd":0,"id":203,"image_id":102,"category_id":2},{"segmentation":[[767,1892,1301,1892,1301,2290,767,2290]],"area":212532,"bbox":[767,1892,534,398],"iscrowd":0,"id":205,"image_id":103,"category_id":2},{"segmentation":[[767,1892,1301,1892,1301,2290,767,2290]],"area":212532,"bbox":[767,1892,534,398],"iscrowd":0,"id":205,"image_id":103,"category_id":2},{"segmentation":[[468,2147,1032,2147,1032,2542,468,2542]],"area":222780,"bbox":[468,2147,564,395],"iscrowd":0,"id":207,"image_id":104,"category_id":2},{"segmentation":[[468,2147,1032,2147,1032,2542,468,2542]],"area":222780,"bbox":[468,2147,564,395],"iscrowd":0,"id":207,"image_id":104,"category_id":2},{"segmentation":[[438,2426,992,2426,992,2967,438,2967]],"area":299714,"bbox":[438,2426,554,541],"iscrowd":0,"id":209,"image_id":106,"category_id":2},{"segmentation":[[438,2426,992,2426,992,2967,438,2967]],"area":299714,"bbox":[438,2426,554,541],"iscrowd":0,"id":209,"image_id":106,"category_id":2},{"segmentation":[[1321,1862,1669,1862,1669,2333,1321,2333]],"area":163908,"bbox":[1321,1862,348,471],"iscrowd":0,"id":211,"image_id":107,"category_id":2},{"segmentation":[[1321,1862,1669,1862,1669,2333,1321,2333]],"area":163908,"bbox":[1321,1862,348,471],"iscrowd":0,"id":211,"image_id":107,"category_id":2},{"segmentation":[[1377,1752,1822,1752,1822,2256,1377,2256]],"area":224280,"bbox":[1377,1752,445,504],"iscrowd":0,"id":213,"image_id":108,"category_id":2},{"segmentation":[[1377,1752,1822,1752,1822,2256,1377,2256]],"area":224280,"bbox":[1377,1752,445,504],"iscrowd":0,"id":213,"image_id":108,"category_id":2},{"segmentation":[[1334,2015,1875,2015,1875,2470,1334,2470]],"area":246155,"bbox":[1334,2015,541,455],"iscrowd":0,"id":215,"image_id":109,"category_id":2},{"segmentation":[[1334,2015,1875,2015,1875,2470,1334,2470]],"area":246155,"bbox":[1334,2015,541,455],"iscrowd":0,"id":215,"image_id":109,"category_id":2},{"segmentation":[[1112,2111,1719,2111,1719,2526,1112,2526]],"area":251905,"bbox":[1112,2111,607,415],"iscrowd":0,"id":217,"image_id":110,"category_id":2},{"segmentation":[[1112,2111,1719,2111,1719,2526,1112,2526]],"area":251905,"bbox":[1112,2111,607,415],"iscrowd":0,"id":217,"image_id":110,"category_id":2},{"segmentation":[[846,1928,1467,1928,1467,2313,846,2313]],"area":239085,"bbox":[846,1928,621,385],"iscrowd":0,"id":219,"image_id":111,"category_id":2},{"segmentation":[[846,1928,1467,1928,1467,2313,846,2313]],"area":239085,"bbox":[846,1928,621,385],"iscrowd":0,"id":219,"image_id":111,"category_id":2},{"segmentation":[[1092,2124,1570,2124,1570,2516,1092,2516]],"area":187376,"bbox":[1092,2124,478,392],"iscrowd":0,"id":221,"image_id":112,"category_id":2},{"segmentation":[[1092,2124,1570,2124,1570,2516,1092,2516]],"area":187376,"bbox":[1092,2124,478,392],"iscrowd":0,"id":221,"image_id":112,"category_id":2}],"licenses":[{"id":0,"name":"Unknown License","url":""}],"categories":[{"supercategory":"type","id":1,"name":"Unknown (object)"},{"supercategory":"type","id":2,"name":"pipe"}]}