{"info":{"year":2022,"version":"1.0","description":"VIA project exported to COCO format using VGG Image Annotator (http://www.robots.ox.ac.uk/~vgg/software/via/)","contributor":"","url":"http://www.robots.ox.ac.uk/~vgg/software/via/","date_created":"Wed Nov 16 2022 01:16:18 GMT+0100 (Central European Standard Time)"},"images":[{"id":1,"width":1280,"height":1280,"file_name":"pipe_1.jpg","license":0,"date_captured":""},{"id":2,"width":1280,"height":1280,"file_name":"pipe_2.jpg","license":0,"date_captured":""},{"id":3,"width":1280,"height":1280,"file_name":"pipe_3.jpg","license":0,"date_captured":""},{"id":4,"width":1280,"height":1280,"file_name":"pipe_4.jpg","license":0,"date_captured":""},{"id":5,"width":1280,"height":1280,"file_name":"pipe_5.jpg","license":0,"date_captured":""},{"id":6,"width":1280,"height":1280,"file_name":"pipe_6.jpg","license":0,"date_captured":""},{"id":7,"width":1280,"height":1280,"file_name":"pipe_7.jpg","license":0,"date_captured":""},{"id":8,"width":1280,"height":1280,"file_name":"pipe_8.jpg","license":0,"date_captured":""},{"id":9,"width":1280,"height":1280,"file_name":"pipe_9.jpg","license":0,"date_captured":""},{"id":10,"width":1280,"height":1280,"file_name":"pipe_10.jpg","license":0,"date_captured":""},{"id":11,"width":1280,"height":1280,"file_name":"pipe_11.jpg","license":0,"date_captured":""},{"id":12,"width":1280,"height":1280,"file_name":"pipe_12.jpg","license":0,"date_captured":""},{"id":13,"width":1280,"height":1280,"file_name":"pipe_13.jpg","license":0,"date_captured":""},{"id":14,"width":1280,"height":1280,"file_name":"pipe_14.jpg","license":0,"date_captured":""},{"id":15,"width":1280,"height":1280,"file_name":"pipe_15.jpg","license":0,"date_captured":""},{"id":16,"width":1280,"height":1280,"file_name":"pipe_16.jpg","license":0,"date_captured":""},{"id":17,"width":1280,"height":1280,"file_name":"pipe_17.jpg","license":0,"date_captured":""},{"id":18,"width":1280,"height":1280,"file_name":"pipe_18.jpg","license":0,"date_captured":""},{"id":19,"width":1280,"height":1280,"file_name":"pipe_19.jpg","license":0,"date_captured":""},{"id":20,"width":1280,"height":1280,"file_name":"pipe_20.jpg","license":0,"date_captured":""},{"id":21,"width":1280,"height":1280,"file_name":"pipe_21.jpg","license":0,"date_captured":""},{"id":22,"width":1280,"height":1280,"file_name":"pipe_22.jpg","license":0,"date_captured":""},{"id":23,"width":1280,"height":1280,"file_name":"pipe_23.jpg","license":0,"date_captured":""},{"id":24,"width":1280,"height":1280,"file_name":"pipe_24.jpg","license":0,"date_captured":""},{"id":25,"width":1280,"height":1280,"file_name":"pipe_25.jpg","license":0,"date_captured":""},{"id":26,"width":1280,"height":1280,"file_name":"pipe_26.jpg","license":0,"date_captured":""},{"id":27,"width":1280,"height":1280,"file_name":"pipe_27.jpg","license":0,"date_captured":""},{"id":28,"width":1280,"height":1280,"file_name":"pipe_28.jpg","license":0,"date_captured":""},{"id":29,"width":1280,"height":1280,"file_name":"pipe_29.jpg","license":0,"date_captured":""},{"id":30,"width":1280,"height":1280,"file_name":"pipe_30.jpg","license":0,"date_captured":""},{"id":31,"width":1280,"height":1280,"file_name":"pipe_31.jpg","license":0,"date_captured":""},{"id":32,"width":1280,"height":1280,"file_name":"pipe_32.jpg","license":0,"date_captured":""},{"id":33,"width":1280,"height":1280,"file_name":"pipe_33.jpg","license":0,"date_captured":""},{"id":34,"width":1280,"height":1280,"file_name":"pipe_34.jpg","license":0,"date_captured":""},{"id":35,"width":1280,"height":1280,"file_name":"pipe_35.jpg","license":0,"date_captured":""},{"id":36,"width":1280,"height":1280,"file_name":"pipe_36.jpg","license":0,"date_captured":""},{"id":37,"width":1280,"height":1280,"file_name":"pipe_37.jpg","license":0,"date_captured":""},{"id":38,"width":1280,"height":1280,"file_name":"pipe_38.jpg","license":0,"date_captured":""},{"id":39,"width":1280,"height":1280,"file_name":"pipe_39.jpg","license":0,"date_captured":""},{"id":40,"width":1280,"height":1280,"file_name":"pipe_40.jpg","license":0,"date_captured":""},{"id":41,"width":1280,"height":1280,"file_name":"pipe_41.jpg","license":0,"date_captured":""},{"id":42,"width":1280,"height":1280,"file_name":"pipe_42.jpg","license":0,"date_captured":""},{"id":43,"width":1280,"height":1280,"file_name":"pipe_43.jpg","license":0,"date_captured":""},{"id":44,"width":1280,"height":1280,"file_name":"pipe_44.jpg","license":0,"date_captured":""},{"id":45,"width":1280,"height":1280,"file_name":"pipe_45.jpg","license":0,"date_captured":""},{"id":46,"width":1280,"height":1280,"file_name":"pipe_46.jpg","license":0,"date_captured":""},{"id":47,"width":1280,"height":1280,"file_name":"pipe_47.jpg","license":0,"date_captured":""},{"id":48,"width":1280,"height":1280,"file_name":"pipe_48.jpg","license":0,"date_captured":""},{"id":49,"width":1280,"height":1280,"file_name":"pipe_49.jpg","license":0,"date_captured":""},{"id":50,"width":1280,"height":1280,"file_name":"pipe_50.jpg","license":0,"date_captured":""},{"id":51,"width":1280,"height":1280,"file_name":"pipe_51.jpg","license":0,"date_captured":""},{"id":52,"width":1280,"height":1280,"file_name":"pipe_52.jpg","license":0,"date_captured":""},{"id":53,"width":1280,"height":1280,"file_name":"pipe_53.jpg","license":0,"date_captured":""},{"id":54,"width":1280,"height":1280,"file_name":"pipe_54.jpg","license":0,"date_captured":""},{"id":55,"width":1280,"height":1280,"file_name":"pipe_55.jpg","license":0,"date_captured":""},{"id":56,"width":1280,"height":1280,"file_name":"pipe_56.jpg","license":0,"date_captured":""},{"id":57,"width":1280,"height":1280,"file_name":"pipe_57.jpg","license":0,"date_captured":""},{"id":58,"width":1280,"height":1280,"file_name":"pipe_58.jpg","license":0,"date_captured":""},{"id":59,"width":1280,"height":1280,"file_name":"pipe_59.jpg","license":0,"date_captured":""},{"id":60,"width":1280,"height":1280,"file_name":"pipe_60.jpg","license":0,"date_captured":""},{"id":61,"width":1280,"height":1280,"file_name":"pipe_61.jpg","license":0,"date_captured":""},{"id":62,"width":1280,"height":1280,"file_name":"pipe_62.jpg","license":0,"date_captured":""},{"id":63,"width":1280,"height":1280,"file_name":"pipe_63.jpg","license":0,"date_captured":""},{"id":64,"width":1280,"height":1280,"file_name":"pipe_64.jpg","license":0,"date_captured":""},{"id":65,"width":1280,"height":1280,"file_name":"pipe_65.jpg","license":0,"date_captured":""},{"id":66,"width":1280,"height":1280,"file_name":"pipe_66.jpg","license":0,"date_captured":""},{"id":67,"width":1280,"height":1280,"file_name":"pipe_67.jpg","license":0,"date_captured":""},{"id":68,"width":1280,"height":1280,"file_name":"pipe_68.jpg","license":0,"date_captured":""},{"id":69,"width":1280,"height":1280,"file_name":"pipe_69.jpg","license":0,"date_captured":""},{"id":70,"width":1280,"height":1280,"file_name":"pipe_70.jpg","license":0,"date_captured":""},{"id":71,"width":1280,"height":1280,"file_name":"pipe_71.jpg","license":0,"date_captured":""},{"id":72,"width":1280,"height":1280,"file_name":"pipe_72.jpg","license":0,"date_captured":""},{"id":73,"width":1280,"height":1280,"file_name":"pipe_73.jpg","license":0,"date_captured":""},{"id":74,"width":1280,"height":1280,"file_name":"pipe_74.jpg","license":0,"date_captured":""},{"id":75,"width":1280,"height":1280,"file_name":"pipe_75.jpg","license":0,"date_captured":""},{"id":76,"width":1280,"height":1280,"file_name":"pipe_76.jpg","license":0,"date_captured":""},{"id":77,"width":1280,"height":1280,"file_name":"pipe_77.jpg","license":0,"date_captured":""},{"id":78,"width":1280,"height":1280,"file_name":"pipe_78.jpg","license":0,"date_captured":""},{"id":79,"width":1280,"height":1280,"file_name":"pipe_79.jpg","license":0,"date_captured":""},{"id":80,"width":1280,"height":1280,"file_name":"pipe_80.jpg","license":0,"date_captured":""},{"id":81,"width":1280,"height":1280,"file_name":"pipe_81.jpg","license":0,"date_captured":""},{"id":82,"width":1280,"height":1280,"file_name":"pipe_82.jpg","license":0,"date_captured":""},{"id":83,"width":1280,"height":1280,"file_name":"pipe_83.jpg","license":0,"date_captured":""},{"id":84,"width":1280,"height":1280,"file_name":"pipe_84.jpg","license":0,"date_captured":""},{"id":85,"width":1280,"height":1280,"file_name":"pipe_85.jpg","license":0,"date_captured":""},{"id":86,"width":1280,"height":1280,"file_name":"pipe_86.jpg","license":0,"date_captured":""},{"id":87,"width":1280,"height":1280,"file_name":"pipe_87.jpg","license":0,"date_captured":""},{"id":88,"width":1280,"height":1280,"file_name":"pipe_88.jpg","license":0,"date_captured":""},{"id":89,"width":1280,"height":1280,"file_name":"pipe_89.jpg","license":0,"date_captured":""},{"id":90,"width":1280,"height":1280,"file_name":"pipe_90.jpg","license":0,"date_captured":""},{"id":91,"width":1280,"height":1280,"file_name":"pipe_91.jpg","license":0,"date_captured":""},{"id":92,"width":1280,"height":1280,"file_name":"pipe_92.jpg","license":0,"date_captured":""},{"id":93,"width":1280,"height":1280,"file_name":"pipe_93.jpg","license":0,"date_captured":""},{"id":94,"width":1280,"height":1280,"file_name":"pipe_94.jpg","license":0,"date_captured":""},{"id":95,"width":1280,"height":1280,"file_name":"pipe_95.jpg","license":0,"date_captured":""},{"id":96,"width":1280,"height":1280,"file_name":"pipe_96.jpg","license":0,"date_captured":""},{"id":97,"width":1280,"height":1280,"file_name":"pipe_97.jpg","license":0,"date_captured":""},{"id":98,"width":1280,"height":1280,"file_name":"pipe_98.jpg","license":0,"date_captured":""},{"id":99,"width":1280,"height":1280,"file_name":"pipe_99.jpg","license":0,"date_captured":""},{"id":100,"width":1280,"height":1280,"file_name":"pipe_100.jpg","license":0,"date_captured":""}],"annotations":[{"segmentation":[[147,531,1174,531,1174,882,147,882]],"area":360477,"bbox":[147,531,1027,351],"iscrowd":0,"id":1,"image_id":1,"category_id":1},{"segmentation":[[147,531,1174,531,1174,882,147,882]],"area":360477,"bbox":[147,531,1027,351],"iscrowd":0,"id":1,"image_id":1,"category_id":1},{"segmentation":[[118,547,1141,547,1141,883,118,883]],"area":343728,"bbox":[118,547,1023,336],"iscrowd":0,"id":3,"image_id":2,"category_id":1},{"segmentation":[[118,547,1141,547,1141,883,118,883]],"area":343728,"bbox":[118,547,1023,336],"iscrowd":0,"id":3,"image_id":2,"category_id":1},{"segmentation":[[177,547,1199,547,1199,890,177,890]],"area":350546,"bbox":[177,547,1022,343],"iscrowd":0,"id":5,"image_id":3,"category_id":1},{"segmentation":[[177,547,1199,547,1199,890,177,890]],"area":350546,"bbox":[177,547,1022,343],"iscrowd":0,"id":5,"image_id":3,"category_id":1},{"segmentation":[[147,562,1173,562,1173,891,147,891]],"area":337554,"bbox":[147,562,1026,329],"iscrowd":0,"id":7,"image_id":4,"category_id":1},{"segmentation":[[147,562,1173,562,1173,891,147,891]],"area":337554,"bbox":[147,562,1026,329],"iscrowd":0,"id":7,"image_id":4,"category_id":1},{"segmentation":[[301,484,1071,484,1071,844,301,844]],"area":277200,"bbox":[301,484,770,360],"iscrowd":0,"id":9,"image_id":5,"category_id":1},{"segmentation":[[301,484,1071,484,1071,844,301,844]],"area":277200,"bbox":[301,484,770,360],"iscrowd":0,"id":9,"image_id":5,"category_id":1},{"segmentation":[[269,503,1020,503,1020,782,269,782]],"area":209529,"bbox":[269,503,751,279],"iscrowd":0,"id":11,"image_id":6,"category_id":1},{"segmentation":[[269,503,1020,503,1020,782,269,782]],"area":209529,"bbox":[269,503,751,279],"iscrowd":0,"id":11,"image_id":6,"category_id":1},{"segmentation":[[250,529,1021,529,1021,799,250,799]],"area":208170,"bbox":[250,529,771,270],"iscrowd":0,"id":13,"image_id":7,"category_id":1},{"segmentation":[[250,529,1021,529,1021,799,250,799]],"area":208170,"bbox":[250,529,771,270],"iscrowd":0,"id":13,"image_id":7,"category_id":1},{"segmentation":[[248,548,997,548,997,804,248,804]],"area":191744,"bbox":[248,548,749,256],"iscrowd":0,"id":15,"image_id":8,"category_id":1},{"segmentation":[[248,548,997,548,997,804,248,804]],"area":191744,"bbox":[248,548,749,256],"iscrowd":0,"id":15,"image_id":8,"category_id":1},{"segmentation":[[191,551,966,551,966,819,191,819]],"area":207700,"bbox":[191,551,775,268],"iscrowd":0,"id":17,"image_id":9,"category_id":1},{"segmentation":[[191,551,966,551,966,819,191,819]],"area":207700,"bbox":[191,551,775,268],"iscrowd":0,"id":17,"image_id":9,"category_id":1},{"segmentation":[[80,562,820,562,820,819,80,819]],"area":190180,"bbox":[80,562,740,257],"iscrowd":0,"id":19,"image_id":10,"category_id":1},{"segmentation":[[80,562,820,562,820,819,80,819]],"area":190180,"bbox":[80,562,740,257],"iscrowd":0,"id":19,"image_id":10,"category_id":1},{"segmentation":[[34,552,768,552,768,831,34,831]],"area":204786,"bbox":[34,552,734,279],"iscrowd":0,"id":21,"image_id":11,"category_id":1},{"segmentation":[[34,552,768,552,768,831,34,831]],"area":204786,"bbox":[34,552,734,279],"iscrowd":0,"id":21,"image_id":11,"category_id":1},{"segmentation":[[3,418,719,418,719,707,3,707]],"area":206924,"bbox":[3,418,716,289],"iscrowd":0,"id":23,"image_id":12,"category_id":1},{"segmentation":[[3,418,719,418,719,707,3,707]],"area":206924,"bbox":[3,418,716,289],"iscrowd":0,"id":23,"image_id":12,"category_id":1},{"segmentation":[[48,356,777,356,777,631,48,631]],"area":200475,"bbox":[48,356,729,275],"iscrowd":0,"id":25,"image_id":13,"category_id":1},{"segmentation":[[48,356,777,356,777,631,48,631]],"area":200475,"bbox":[48,356,729,275],"iscrowd":0,"id":25,"image_id":13,"category_id":1},{"segmentation":[[87,267,788,267,788,545,87,545]],"area":194878,"bbox":[87,267,701,278],"iscrowd":0,"id":27,"image_id":14,"category_id":1},{"segmentation":[[87,267,788,267,788,545,87,545]],"area":194878,"bbox":[87,267,701,278],"iscrowd":0,"id":27,"image_id":14,"category_id":1},{"segmentation":[[113,223,889,223,889,526,113,526]],"area":235128,"bbox":[113,223,776,303],"iscrowd":0,"id":29,"image_id":15,"category_id":1},{"segmentation":[[113,223,889,223,889,526,113,526]],"area":235128,"bbox":[113,223,776,303],"iscrowd":0,"id":29,"image_id":15,"category_id":1},{"segmentation":[[179,264,940,264,940,572,179,572]],"area":234388,"bbox":[179,264,761,308],"iscrowd":0,"id":31,"image_id":16,"category_id":1},{"segmentation":[[179,264,940,264,940,572,179,572]],"area":234388,"bbox":[179,264,761,308],"iscrowd":0,"id":31,"image_id":16,"category_id":1},{"segmentation":[[211,325,990,325,990,650,211,650]],"area":253175,"bbox":[211,325,779,325],"iscrowd":0,"id":33,"image_id":17,"category_id":1},{"segmentation":[[211,325,990,325,990,650,211,650]],"area":253175,"bbox":[211,325,779,325],"iscrowd":0,"id":33,"image_id":17,"category_id":1},{"segmentation":[[252,464,1049,464,1049,808,252,808]],"area":274168,"bbox":[252,464,797,344],"iscrowd":0,"id":35,"image_id":18,"category_id":1},{"segmentation":[[252,464,1049,464,1049,808,252,808]],"area":274168,"bbox":[252,464,797,344],"iscrowd":0,"id":35,"image_id":18,"category_id":1},{"segmentation":[[296,482,1083,482,1083,851,296,851]],"area":290403,"bbox":[296,482,787,369],"iscrowd":0,"id":37,"image_id":19,"category_id":1},{"segmentation":[[296,482,1083,482,1083,851,296,851]],"area":290403,"bbox":[296,482,787,369],"iscrowd":0,"id":37,"image_id":19,"category_id":1},{"segmentation":[[294,458,1111,458,1111,787,294,787]],"area":268793,"bbox":[294,458,817,329],"iscrowd":0,"id":39,"image_id":20,"category_id":1},{"segmentation":[[294,458,1111,458,1111,787,294,787]],"area":268793,"bbox":[294,458,817,329],"iscrowd":0,"id":39,"image_id":20,"category_id":1},{"segmentation":[[304,314,1109,314,1109,648,304,648]],"area":268870,"bbox":[304,314,805,334],"iscrowd":0,"id":41,"image_id":21,"category_id":1},{"segmentation":[[304,314,1109,314,1109,648,304,648]],"area":268870,"bbox":[304,314,805,334],"iscrowd":0,"id":41,"image_id":21,"category_id":1},{"segmentation":[[241,265,1019,265,1019,594,241,594]],"area":255962,"bbox":[241,265,778,329],"iscrowd":0,"id":43,"image_id":22,"category_id":1},{"segmentation":[[241,265,1019,265,1019,594,241,594]],"area":255962,"bbox":[241,265,778,329],"iscrowd":0,"id":43,"image_id":22,"category_id":1},{"segmentation":[[183,301,944,301,944,590,183,590]],"area":219929,"bbox":[183,301,761,289],"iscrowd":0,"id":45,"image_id":23,"category_id":1},{"segmentation":[[183,301,944,301,944,590,183,590]],"area":219929,"bbox":[183,301,761,289],"iscrowd":0,"id":45,"image_id":23,"category_id":1},{"segmentation":[[121,326,912,326,912,640,121,640]],"area":248374,"bbox":[121,326,791,314],"iscrowd":0,"id":47,"image_id":24,"category_id":1},{"segmentation":[[121,326,912,326,912,640,121,640]],"area":248374,"bbox":[121,326,791,314],"iscrowd":0,"id":47,"image_id":24,"category_id":1},{"segmentation":[[7,398,750,398,750,732,7,732]],"area":248162,"bbox":[7,398,743,334],"iscrowd":0,"id":49,"image_id":25,"category_id":1},{"segmentation":[[7,398,750,398,750,732,7,732]],"area":248162,"bbox":[7,398,743,334],"iscrowd":0,"id":49,"image_id":25,"category_id":1},{"segmentation":[[4,362,678,362,678,727,4,727]],"area":246010,"bbox":[4,362,674,365],"iscrowd":0,"id":51,"image_id":26,"category_id":1},{"segmentation":[[4,362,678,362,678,727,4,727]],"area":246010,"bbox":[4,362,674,365],"iscrowd":0,"id":51,"image_id":26,"category_id":1},{"segmentation":[[6,370,839,370,839,706,6,706]],"area":279888,"bbox":[6,370,833,336],"iscrowd":0,"id":53,"image_id":27,"category_id":1},{"segmentation":[[6,370,839,370,839,706,6,706]],"area":279888,"bbox":[6,370,833,336],"iscrowd":0,"id":53,"image_id":27,"category_id":1},{"segmentation":[[36,380,915,380,915,705,36,705]],"area":285675,"bbox":[36,380,879,325],"iscrowd":0,"id":55,"image_id":28,"category_id":1},{"segmentation":[[36,380,915,380,915,705,36,705]],"area":285675,"bbox":[36,380,879,325],"iscrowd":0,"id":55,"image_id":28,"category_id":1},{"segmentation":[[285,369,1220,369,1220,717,285,717]],"area":325380,"bbox":[285,369,935,348],"iscrowd":0,"id":57,"image_id":29,"category_id":1},{"segmentation":[[285,369,1220,369,1220,717,285,717]],"area":325380,"bbox":[285,369,935,348],"iscrowd":0,"id":57,"image_id":29,"category_id":1},{"segmentation":[[428,411,1275,411,1275,712,428,712]],"area":254947,"bbox":[428,411,847,301],"iscrowd":0,"id":59,"image_id":30,"category_id":1},{"segmentation":[[428,411,1275,411,1275,712,428,712]],"area":254947,"bbox":[428,411,847,301],"iscrowd":0,"id":59,"image_id":30,"category_id":1},{"segmentation":[[438,482,1246,482,1246,748,438,748]],"area":214928,"bbox":[438,482,808,266],"iscrowd":0,"id":61,"image_id":31,"category_id":1},{"segmentation":[[438,482,1246,482,1246,748,438,748]],"area":214928,"bbox":[438,482,808,266],"iscrowd":0,"id":61,"image_id":31,"category_id":1},{"segmentation":[[463,468,1265,468,1265,720,463,720]],"area":202104,"bbox":[463,468,802,252],"iscrowd":0,"id":63,"image_id":32,"category_id":1},{"segmentation":[[463,468,1265,468,1265,720,463,720]],"area":202104,"bbox":[463,468,802,252],"iscrowd":0,"id":63,"image_id":32,"category_id":1},{"segmentation":[[423,426,1226,426,1226,664,423,664]],"area":191114,"bbox":[423,426,803,238],"iscrowd":0,"id":65,"image_id":33,"category_id":1},{"segmentation":[[423,426,1226,426,1226,664,423,664]],"area":191114,"bbox":[423,426,803,238],"iscrowd":0,"id":65,"image_id":33,"category_id":1},{"segmentation":[[350,391,1181,391,1181,642,350,642]],"area":208581,"bbox":[350,391,831,251],"iscrowd":0,"id":67,"image_id":34,"category_id":1},{"segmentation":[[350,391,1181,391,1181,642,350,642]],"area":208581,"bbox":[350,391,831,251],"iscrowd":0,"id":67,"image_id":34,"category_id":1},{"segmentation":[[303,380,1167,380,1167,676,303,676]],"area":255744,"bbox":[303,380,864,296],"iscrowd":0,"id":69,"image_id":35,"category_id":1},{"segmentation":[[303,380,1167,380,1167,676,303,676]],"area":255744,"bbox":[303,380,864,296],"iscrowd":0,"id":69,"image_id":35,"category_id":1},{"segmentation":[[237,446,1130,446,1130,740,237,740]],"area":262542,"bbox":[237,446,893,294],"iscrowd":0,"id":71,"image_id":36,"category_id":1},{"segmentation":[[237,446,1130,446,1130,740,237,740]],"area":262542,"bbox":[237,446,893,294],"iscrowd":0,"id":71,"image_id":36,"category_id":1},{"segmentation":[[165,520,1120,520,1120,810,165,810]],"area":276950,"bbox":[165,520,955,290],"iscrowd":0,"id":73,"image_id":37,"category_id":1},{"segmentation":[[165,520,1120,520,1120,810,165,810]],"area":276950,"bbox":[165,520,955,290],"iscrowd":0,"id":73,"image_id":37,"category_id":1},{"segmentation":[[90,568,1060,568,1060,879,90,879]],"area":301670,"bbox":[90,568,970,311],"iscrowd":0,"id":75,"image_id":38,"category_id":1},{"segmentation":[[90,568,1060,568,1060,879,90,879]],"area":301670,"bbox":[90,568,970,311],"iscrowd":0,"id":75,"image_id":38,"category_id":1},{"segmentation":[[43,593,1026,593,1026,919,43,919]],"area":320458,"bbox":[43,593,983,326],"iscrowd":0,"id":77,"image_id":39,"category_id":1},{"segmentation":[[43,593,1026,593,1026,919,43,919]],"area":320458,"bbox":[43,593,983,326],"iscrowd":0,"id":77,"image_id":39,"category_id":1},{"segmentation":[[29,626,1043,626,1043,971,29,971]],"area":349830,"bbox":[29,626,1014,345],"iscrowd":0,"id":79,"image_id":40,"category_id":1},{"segmentation":[[29,626,1043,626,1043,971,29,971]],"area":349830,"bbox":[29,626,1014,345],"iscrowd":0,"id":79,"image_id":40,"category_id":1},{"segmentation":[[70,654,1093,654,1093,1032,70,1032]],"area":386694,"bbox":[70,654,1023,378],"iscrowd":0,"id":81,"image_id":41,"category_id":1},{"segmentation":[[70,654,1093,654,1093,1032,70,1032]],"area":386694,"bbox":[70,654,1023,378],"iscrowd":0,"id":81,"image_id":41,"category_id":1},{"segmentation":[[113,654,1097,654,1097,1048,113,1048]],"area":387696,"bbox":[113,654,984,394],"iscrowd":0,"id":83,"image_id":42,"category_id":1},{"segmentation":[[113,654,1097,654,1097,1048,113,1048]],"area":387696,"bbox":[113,654,984,394],"iscrowd":0,"id":83,"image_id":42,"category_id":1},{"segmentation":[[143,648,1094,648,1094,996,143,996]],"area":330948,"bbox":[143,648,951,348],"iscrowd":0,"id":85,"image_id":43,"category_id":1},{"segmentation":[[143,648,1094,648,1094,996,143,996]],"area":330948,"bbox":[143,648,951,348],"iscrowd":0,"id":85,"image_id":43,"category_id":1},{"segmentation":[[257,543,1123,543,1123,874,257,874]],"area":286646,"bbox":[257,543,866,331],"iscrowd":0,"id":87,"image_id":44,"category_id":1},{"segmentation":[[257,543,1123,543,1123,874,257,874]],"area":286646,"bbox":[257,543,866,331],"iscrowd":0,"id":87,"image_id":44,"category_id":1},{"segmentation":[[280,493,1106,493,1106,811,280,811]],"area":262668,"bbox":[280,493,826,318],"iscrowd":0,"id":89,"image_id":45,"category_id":1},{"segmentation":[[280,493,1106,493,1106,811,280,811]],"area":262668,"bbox":[280,493,826,318],"iscrowd":0,"id":89,"image_id":45,"category_id":1},{"segmentation":[[283,439,1109,439,1109,768,283,768]],"area":271754,"bbox":[283,439,826,329],"iscrowd":0,"id":91,"image_id":46,"category_id":1},{"segmentation":[[283,439,1109,439,1109,768,283,768]],"area":271754,"bbox":[283,439,826,329],"iscrowd":0,"id":91,"image_id":46,"category_id":1},{"segmentation":[[285,414,1082,414,1082,728,285,728]],"area":250258,"bbox":[285,414,797,314],"iscrowd":0,"id":93,"image_id":47,"category_id":1},{"segmentation":[[285,414,1082,414,1082,728,285,728]],"area":250258,"bbox":[285,414,797,314],"iscrowd":0,"id":93,"image_id":47,"category_id":1},{"segmentation":[[314,421,1071,421,1071,717,314,717]],"area":224072,"bbox":[314,421,757,296],"iscrowd":0,"id":95,"image_id":48,"category_id":1},{"segmentation":[[314,421,1071,421,1071,717,314,717]],"area":224072,"bbox":[314,421,757,296],"iscrowd":0,"id":95,"image_id":48,"category_id":1},{"segmentation":[[402,384,1107,384,1107,677,402,677]],"area":206565,"bbox":[402,384,705,293],"iscrowd":0,"id":97,"image_id":49,"category_id":1},{"segmentation":[[402,384,1107,384,1107,677,402,677]],"area":206565,"bbox":[402,384,705,293],"iscrowd":0,"id":97,"image_id":49,"category_id":1},{"segmentation":[[419,380,1135,380,1135,676,419,676]],"area":211936,"bbox":[419,380,716,296],"iscrowd":0,"id":99,"image_id":50,"category_id":1},{"segmentation":[[419,380,1135,380,1135,676,419,676]],"area":211936,"bbox":[419,380,716,296],"iscrowd":0,"id":99,"image_id":50,"category_id":1},{"segmentation":[[414,398,1147,398,1147,666,414,666]],"area":196444,"bbox":[414,398,733,268],"iscrowd":0,"id":101,"image_id":51,"category_id":1},{"segmentation":[[414,398,1147,398,1147,666,414,666]],"area":196444,"bbox":[414,398,733,268],"iscrowd":0,"id":101,"image_id":51,"category_id":1},{"segmentation":[[395,412,1135,412,1135,700,395,700]],"area":213120,"bbox":[395,412,740,288],"iscrowd":0,"id":103,"image_id":52,"category_id":1},{"segmentation":[[395,412,1135,412,1135,700,395,700]],"area":213120,"bbox":[395,412,740,288],"iscrowd":0,"id":103,"image_id":52,"category_id":1},{"segmentation":[[398,436,1137,436,1137,739,398,739]],"area":223917,"bbox":[398,436,739,303],"iscrowd":0,"id":105,"image_id":53,"category_id":1},{"segmentation":[[398,436,1137,436,1137,739,398,739]],"area":223917,"bbox":[398,436,739,303],"iscrowd":0,"id":105,"image_id":53,"category_id":1},{"segmentation":[[390,463,1172,463,1172,745,390,745]],"area":220524,"bbox":[390,463,782,282],"iscrowd":0,"id":107,"image_id":54,"category_id":1},{"segmentation":[[390,463,1172,463,1172,745,390,745]],"area":220524,"bbox":[390,463,782,282],"iscrowd":0,"id":107,"image_id":54,"category_id":1},{"segmentation":[[401,443,1151,443,1151,740,401,740]],"area":222750,"bbox":[401,443,750,297],"iscrowd":0,"id":109,"image_id":55,"category_id":1},{"segmentation":[[401,443,1151,443,1151,740,401,740]],"area":222750,"bbox":[401,443,750,297],"iscrowd":0,"id":109,"image_id":55,"category_id":1},{"segmentation":[[390,461,1179,461,1179,760,390,760]],"area":235911,"bbox":[390,461,789,299],"iscrowd":0,"id":111,"image_id":56,"category_id":1},{"segmentation":[[390,461,1179,461,1179,760,390,760]],"area":235911,"bbox":[390,461,789,299],"iscrowd":0,"id":111,"image_id":56,"category_id":1},{"segmentation":[[348,454,1157,454,1157,775,348,775]],"area":259689,"bbox":[348,454,809,321],"iscrowd":0,"id":113,"image_id":57,"category_id":1},{"segmentation":[[348,454,1157,454,1157,775,348,775]],"area":259689,"bbox":[348,454,809,321],"iscrowd":0,"id":113,"image_id":57,"category_id":1},{"segmentation":[[320,482,1154,482,1154,802,320,802]],"area":266880,"bbox":[320,482,834,320],"iscrowd":0,"id":115,"image_id":58,"category_id":1},{"segmentation":[[320,482,1154,482,1154,802,320,802]],"area":266880,"bbox":[320,482,834,320],"iscrowd":0,"id":115,"image_id":58,"category_id":1},{"segmentation":[[290,510,1145,510,1145,818,290,818]],"area":263340,"bbox":[290,510,855,308],"iscrowd":0,"id":117,"image_id":59,"category_id":1},{"segmentation":[[290,510,1145,510,1145,818,290,818]],"area":263340,"bbox":[290,510,855,308],"iscrowd":0,"id":117,"image_id":59,"category_id":1},{"segmentation":[[241,529,1112,529,1112,861,241,861]],"area":289172,"bbox":[241,529,871,332],"iscrowd":0,"id":119,"image_id":60,"category_id":1},{"segmentation":[[241,529,1112,529,1112,861,241,861]],"area":289172,"bbox":[241,529,871,332],"iscrowd":0,"id":119,"image_id":60,"category_id":1},{"segmentation":[[202,562,1085,562,1085,893,202,893]],"area":292273,"bbox":[202,562,883,331],"iscrowd":0,"id":121,"image_id":61,"category_id":1},{"segmentation":[[202,562,1085,562,1085,893,202,893]],"area":292273,"bbox":[202,562,883,331],"iscrowd":0,"id":121,"image_id":61,"category_id":1},{"segmentation":[[171,519,1214,519,1214,875,171,875]],"area":371308,"bbox":[171,519,1043,356],"iscrowd":0,"id":123,"image_id":62,"category_id":1},{"segmentation":[[171,519,1214,519,1214,875,171,875]],"area":371308,"bbox":[171,519,1043,356],"iscrowd":0,"id":123,"image_id":62,"category_id":1},{"segmentation":[[198,536,1230,536,1230,877,198,877]],"area":351912,"bbox":[198,536,1032,341],"iscrowd":0,"id":125,"image_id":63,"category_id":1},{"segmentation":[[198,536,1230,536,1230,877,198,877]],"area":351912,"bbox":[198,536,1032,341],"iscrowd":0,"id":125,"image_id":63,"category_id":1},{"segmentation":[[177,526,1216,526,1216,889,177,889]],"area":377157,"bbox":[177,526,1039,363],"iscrowd":0,"id":127,"image_id":64,"category_id":1},{"segmentation":[[177,526,1216,526,1216,889,177,889]],"area":377157,"bbox":[177,526,1039,363],"iscrowd":0,"id":127,"image_id":64,"category_id":1},{"segmentation":[[138,519,1188,519,1188,871,138,871]],"area":369600,"bbox":[138,519,1050,352],"iscrowd":0,"id":129,"image_id":65,"category_id":1},{"segmentation":[[138,519,1188,519,1188,871,138,871]],"area":369600,"bbox":[138,519,1050,352],"iscrowd":0,"id":129,"image_id":65,"category_id":1},{"segmentation":[[228,530,1241,530,1241,847,228,847]],"area":321121,"bbox":[228,530,1013,317],"iscrowd":0,"id":131,"image_id":66,"category_id":1},{"segmentation":[[228,530,1241,530,1241,847,228,847]],"area":321121,"bbox":[228,530,1013,317],"iscrowd":0,"id":131,"image_id":66,"category_id":1},{"segmentation":[[205,545,1213,545,1213,845,205,845]],"area":302400,"bbox":[205,545,1008,300],"iscrowd":0,"id":133,"image_id":67,"category_id":1},{"segmentation":[[205,545,1213,545,1213,845,205,845]],"area":302400,"bbox":[205,545,1008,300],"iscrowd":0,"id":133,"image_id":67,"category_id":1},{"segmentation":[[163,540,1144,540,1144,844,163,844]],"area":298224,"bbox":[163,540,981,304],"iscrowd":0,"id":135,"image_id":68,"category_id":1},{"segmentation":[[163,540,1144,540,1144,844,163,844]],"area":298224,"bbox":[163,540,981,304],"iscrowd":0,"id":135,"image_id":68,"category_id":1},{"segmentation":[[186,506,1188,506,1188,827,186,827]],"area":321642,"bbox":[186,506,1002,321],"iscrowd":0,"id":137,"image_id":69,"category_id":1},{"segmentation":[[186,506,1188,506,1188,827,186,827]],"area":321642,"bbox":[186,506,1002,321],"iscrowd":0,"id":137,"image_id":69,"category_id":1},{"segmentation":[[213,529,1173,529,1173,828,213,828]],"area":287040,"bbox":[213,529,960,299],"iscrowd":0,"id":139,"image_id":70,"category_id":1},{"segmentation":[[213,529,1173,529,1173,828,213,828]],"area":287040,"bbox":[213,529,960,299],"iscrowd":0,"id":139,"image_id":70,"category_id":1},{"segmentation":[[160,513,1126,513,1126,830,160,830]],"area":306222,"bbox":[160,513,966,317],"iscrowd":0,"id":141,"image_id":71,"category_id":1},{"segmentation":[[160,513,1126,513,1126,830,160,830]],"area":306222,"bbox":[160,513,966,317],"iscrowd":0,"id":141,"image_id":71,"category_id":1},{"segmentation":[[114,524,1098,524,1098,837,114,837]],"area":307992,"bbox":[114,524,984,313],"iscrowd":0,"id":143,"image_id":72,"category_id":1},{"segmentation":[[114,524,1098,524,1098,837,114,837]],"area":307992,"bbox":[114,524,984,313],"iscrowd":0,"id":143,"image_id":72,"category_id":1},{"segmentation":[[87,544,1050,544,1050,847,87,847]],"area":291789,"bbox":[87,544,963,303],"iscrowd":0,"id":145,"image_id":73,"category_id":1},{"segmentation":[[87,544,1050,544,1050,847,87,847]],"area":291789,"bbox":[87,544,963,303],"iscrowd":0,"id":145,"image_id":73,"category_id":1},{"segmentation":[[110,529,1080,529,1080,828,110,828]],"area":290030,"bbox":[110,529,970,299],"iscrowd":0,"id":147,"image_id":74,"category_id":1},{"segmentation":[[110,529,1080,529,1080,828,110,828]],"area":290030,"bbox":[110,529,970,299],"iscrowd":0,"id":147,"image_id":74,"category_id":1},{"segmentation":[[174,519,1118,519,1118,811,174,811]],"area":275648,"bbox":[174,519,944,292],"iscrowd":0,"id":149,"image_id":75,"category_id":1},{"segmentation":[[174,519,1118,519,1118,811,174,811]],"area":275648,"bbox":[174,519,944,292],"iscrowd":0,"id":149,"image_id":75,"category_id":1},{"segmentation":[[245,492,1144,492,1144,761,245,761]],"area":241831,"bbox":[245,492,899,269],"iscrowd":0,"id":151,"image_id":76,"category_id":1},{"segmentation":[[245,492,1144,492,1144,761,245,761]],"area":241831,"bbox":[245,492,899,269],"iscrowd":0,"id":151,"image_id":76,"category_id":1},{"segmentation":[[280,453,1132,453,1132,722,280,722]],"area":229188,"bbox":[280,453,852,269],"iscrowd":0,"id":153,"image_id":77,"category_id":1},{"segmentation":[[280,453,1132,453,1132,722,280,722]],"area":229188,"bbox":[280,453,852,269],"iscrowd":0,"id":153,"image_id":77,"category_id":1},{"segmentation":[[304,411,1135,411,1135,677,304,677]],"area":221046,"bbox":[304,411,831,266],"iscrowd":0,"id":155,"image_id":78,"category_id":1},{"segmentation":[[304,411,1135,411,1135,677,304,677]],"area":221046,"bbox":[304,411,831,266],"iscrowd":0,"id":155,"image_id":78,"category_id":1},{"segmentation":[[320,415,1128,415,1128,673,320,673]],"area":208464,"bbox":[320,415,808,258],"iscrowd":0,"id":157,"image_id":79,"category_id":1},{"segmentation":[[320,415,1128,415,1128,673,320,673]],"area":208464,"bbox":[320,415,808,258],"iscrowd":0,"id":157,"image_id":79,"category_id":1},{"segmentation":[[308,508,1134,508,1134,759,308,759]],"area":207326,"bbox":[308,508,826,251],"iscrowd":0,"id":159,"image_id":80,"category_id":1},{"segmentation":[[308,508,1134,508,1134,759,308,759]],"area":207326,"bbox":[308,508,826,251],"iscrowd":0,"id":159,"image_id":80,"category_id":1},{"segmentation":[[257,572,1177,572,1177,882,257,882]],"area":285200,"bbox":[257,572,920,310],"iscrowd":0,"id":161,"image_id":81,"category_id":1},{"segmentation":[[257,572,1177,572,1177,882,257,882]],"area":285200,"bbox":[257,572,920,310],"iscrowd":0,"id":161,"image_id":81,"category_id":1},{"segmentation":[[250,604,1180,604,1180,921,250,921]],"area":294810,"bbox":[250,604,930,317],"iscrowd":0,"id":163,"image_id":82,"category_id":1},{"segmentation":[[250,604,1180,604,1180,921,250,921]],"area":294810,"bbox":[250,604,930,317],"iscrowd":0,"id":163,"image_id":82,"category_id":1},{"segmentation":[[234,644,1176,644,1176,969,234,969]],"area":306150,"bbox":[234,644,942,325],"iscrowd":0,"id":165,"image_id":83,"category_id":1},{"segmentation":[[234,644,1176,644,1176,969,234,969]],"area":306150,"bbox":[234,644,942,325],"iscrowd":0,"id":165,"image_id":83,"category_id":1},{"segmentation":[[230,655,1165,655,1165,982,230,982]],"area":305745,"bbox":[230,655,935,327],"iscrowd":0,"id":167,"image_id":84,"category_id":1},{"segmentation":[[230,655,1165,655,1165,982,230,982]],"area":305745,"bbox":[230,655,935,327],"iscrowd":0,"id":167,"image_id":84,"category_id":1},{"segmentation":[[258,547,1265,547,1265,895,258,895]],"area":350436,"bbox":[258,547,1007,348],"iscrowd":0,"id":169,"image_id":85,"category_id":1},{"segmentation":[[258,547,1265,547,1265,895,258,895]],"area":350436,"bbox":[258,547,1007,348],"iscrowd":0,"id":169,"image_id":85,"category_id":1},{"segmentation":[[255,540,1249,540,1249,895,255,895]],"area":352870,"bbox":[255,540,994,355],"iscrowd":0,"id":171,"image_id":86,"category_id":1},{"segmentation":[[255,540,1249,540,1249,895,255,895]],"area":352870,"bbox":[255,540,994,355],"iscrowd":0,"id":171,"image_id":86,"category_id":1},{"segmentation":[[236,533,1234,533,1234,892,236,892]],"area":358282,"bbox":[236,533,998,359],"iscrowd":0,"id":173,"image_id":87,"category_id":1},{"segmentation":[[236,533,1234,533,1234,892,236,892]],"area":358282,"bbox":[236,533,998,359],"iscrowd":0,"id":173,"image_id":87,"category_id":1},{"segmentation":[[294,502,1266,502,1266,860,294,860]],"area":347976,"bbox":[294,502,972,358],"iscrowd":0,"id":175,"image_id":88,"category_id":1},{"segmentation":[[294,502,1266,502,1266,860,294,860]],"area":347976,"bbox":[294,502,972,358],"iscrowd":0,"id":175,"image_id":88,"category_id":1},{"segmentation":[[313,496,1275,496,1275,876,313,876]],"area":365560,"bbox":[313,496,962,380],"iscrowd":0,"id":177,"image_id":89,"category_id":1},{"segmentation":[[313,496,1275,496,1275,876,313,876]],"area":365560,"bbox":[313,496,962,380],"iscrowd":0,"id":177,"image_id":89,"category_id":1},{"segmentation":[[280,405,1079,405,1079,733,280,733]],"area":262072,"bbox":[280,405,799,328],"iscrowd":0,"id":179,"image_id":90,"category_id":1},{"segmentation":[[280,405,1079,405,1079,733,280,733]],"area":262072,"bbox":[280,405,799,328],"iscrowd":0,"id":179,"image_id":90,"category_id":1},{"segmentation":[[321,414,1072,414,1072,717,321,717]],"area":227553,"bbox":[321,414,751,303],"iscrowd":0,"id":181,"image_id":91,"category_id":1},{"segmentation":[[321,414,1072,414,1072,717,321,717]],"area":227553,"bbox":[321,414,751,303],"iscrowd":0,"id":181,"image_id":91,"category_id":1},{"segmentation":[[388,387,1117,387,1117,677,388,677]],"area":211410,"bbox":[388,387,729,290],"iscrowd":0,"id":183,"image_id":92,"category_id":1},{"segmentation":[[388,387,1117,387,1117,677,388,677]],"area":211410,"bbox":[388,387,729,290],"iscrowd":0,"id":183,"image_id":92,"category_id":1},{"segmentation":[[425,388,1136,388,1136,664,425,664]],"area":196236,"bbox":[425,388,711,276],"iscrowd":0,"id":185,"image_id":93,"category_id":1},{"segmentation":[[425,388,1136,388,1136,664,425,664]],"area":196236,"bbox":[425,388,711,276],"iscrowd":0,"id":185,"image_id":93,"category_id":1},{"segmentation":[[412,384,1130,384,1130,674,412,674]],"area":208220,"bbox":[412,384,718,290],"iscrowd":0,"id":187,"image_id":94,"category_id":1},{"segmentation":[[412,384,1130,384,1130,674,412,674]],"area":208220,"bbox":[412,384,718,290],"iscrowd":0,"id":187,"image_id":94,"category_id":1},{"segmentation":[[390,384,1139,384,1139,695,390,695]],"area":232939,"bbox":[390,384,749,311],"iscrowd":0,"id":189,"image_id":95,"category_id":1},{"segmentation":[[390,384,1139,384,1139,695,390,695]],"area":232939,"bbox":[390,384,749,311],"iscrowd":0,"id":189,"image_id":95,"category_id":1},{"segmentation":[[387,421,1144,421,1144,721,387,721]],"area":227100,"bbox":[387,421,757,300],"iscrowd":0,"id":191,"image_id":96,"category_id":1},{"segmentation":[[387,421,1144,421,1144,721,387,721]],"area":227100,"bbox":[387,421,757,300],"iscrowd":0,"id":191,"image_id":96,"category_id":1},{"segmentation":[[388,416,1165,416,1165,744,388,744]],"area":254856,"bbox":[388,416,777,328],"iscrowd":0,"id":193,"image_id":97,"category_id":1},{"segmentation":[[388,416,1165,416,1165,744,388,744]],"area":254856,"bbox":[388,416,777,328],"iscrowd":0,"id":193,"image_id":97,"category_id":1},{"segmentation":[[381,429,1139,429,1139,752,381,752]],"area":244834,"bbox":[381,429,758,323],"iscrowd":0,"id":195,"image_id":98,"category_id":1},{"segmentation":[[381,429,1139,429,1139,752,381,752]],"area":244834,"bbox":[381,429,758,323],"iscrowd":0,"id":195,"image_id":98,"category_id":1},{"segmentation":[[381,444,1176,444,1176,761,381,761]],"area":252015,"bbox":[381,444,795,317],"iscrowd":0,"id":197,"image_id":99,"category_id":1},{"segmentation":[[381,444,1176,444,1176,761,381,761]],"area":252015,"bbox":[381,444,795,317],"iscrowd":0,"id":197,"image_id":99,"category_id":1},{"segmentation":[[350,446,1160,446,1160,761,350,761]],"area":255150,"bbox":[350,446,810,315],"iscrowd":0,"id":199,"image_id":100,"category_id":1},{"segmentation":[[350,446,1160,446,1160,761,350,761]],"area":255150,"bbox":[350,446,810,315],"iscrowd":0,"id":199,"image_id":100,"category_id":1}],"licenses":[{"id":0,"name":"Unknown License","url":""}],"categories":[{"supercategory":"type","id":1,"name":"pipe"}]}