{"pipe_1.jpg165403":{"filename":"pipe_1.jpg","size":165403,"regions":[{"shape_attributes":{"name":"rect","x":147,"y":531,"width":1027,"height":351},"region_attributes":{"type":"pipe","image_quality":{"good":true,"frontal":true,"good_illumination":true},"pipe":"pipe"}}],"file_attributes":{"caption":"","public_domain":"no","image_url":""}},"pipe_2.jpg188567":{"filename":"pipe_2.jpg","size":188567,"regions":[{"shape_attributes":{"name":"rect","x":118,"y":547,"width":1023,"height":336},"region_attributes":{"type":"pipe","image_quality":{"good":true,"frontal":true,"good_illumination":true},"pipe":"pipe"}}],"file_attributes":{"caption":"","public_domain":"no","image_url":""}},"pipe_3.jpg183870":{"filename":"pipe_3.jpg","size":183870,"regions":[{"shape_attributes":{"name":"rect","x":177,"y":547,"width":1022,"height":343},"region_attributes":{"type":"pipe","image_quality":{"good":true,"frontal":true,"good_illumination":true},"pipe":"pipe"}}],"file_attributes":{"caption":"","public_domain":"no","image_url":""}},"pipe_4.jpg178717":{"filename":"pipe_4.jpg","size":178717,"regions":[{"shape_attributes":{"name":"rect","x":147,"y":562,"width":1026,"height":329},"region_attributes":{"type":"pipe","image_quality":{"good":true,"frontal":true,"good_illumination":true},"pipe":"pipe"}}],"file_attributes":{"caption":"","public_domain":"no","image_url":""}},"pipe_5.jpg187693":{"filename":"pipe_5.jpg","size":187693,"regions":[{"shape_attributes":{"name":"rect","x":301,"y":484,"width":770,"height":360},"region_attributes":{"type":"pipe","image_quality":{"good":true,"frontal":true,"good_illumination":true},"pipe":"pipe"}}],"file_attributes":{"caption":"","public_domain":"no","image_url":""}},"pipe_6.jpg190432":{"filename":"pipe_6.jpg","size":190432,"regions":[{"shape_attributes":{"name":"rect","x":269,"y":503,"width":751,"height":279},"region_attributes":{"type":"pipe","image_quality":{"good":true,"frontal":true,"good_illumination":true},"pipe":"pipe"}}],"file_attributes":{"caption":"","public_domain":"no","image_url":""}},"pipe_7.jpg190860":{"filename":"pipe_7.jpg","size":190860,"regions":[{"shape_attributes":{"name":"rect","x":250,"y":529,"width":771,"height":270},"region_attributes":{"type":"pipe","image_quality":{"good":true,"frontal":true,"good_illumination":true},"pipe":"pipe"}}],"file_attributes":{"caption":"","public_domain":"no","image_url":""}},"pipe_8.jpg193380":{"filename":"pipe_8.jpg","size":193380,"regions":[{"shape_attributes":{"name":"rect","x":248,"y":548,"width":749,"height":256},"region_attributes":{"type":"pipe","image_quality":{"good":true,"frontal":true,"good_illumination":true},"pipe":"pipe"}}],"file_attributes":{"caption":"","public_domain":"no","image_url":""}},"pipe_9.jpg184093":{"filename":"pipe_9.jpg","size":184093,"regions":[{"shape_attributes":{"name":"rect","x":191,"y":551,"width":775,"height":268},"region_attributes":{"type":"pipe","image_quality":{"good":true,"frontal":true,"good_illumination":true},"pipe":"pipe"}}],"file_attributes":{"caption":"","public_domain":"no","image_url":""}},"pipe_10.jpg187237":{"filename":"pipe_10.jpg","size":187237,"regions":[{"shape_attributes":{"name":"rect","x":80,"y":562,"width":740,"height":257},"region_attributes":{"type":"pipe","image_quality":{"good":true,"frontal":true,"good_illumination":true},"pipe":"pipe"}}],"file_attributes":{"caption":"","public_domain":"no","image_url":""}},"pipe_11.jpg187532":{"filename":"pipe_11.jpg","size":187532,"regions":[{"shape_attributes":{"name":"rect","x":34,"y":552,"width":734,"height":279},"region_attributes":{"type":"pipe","image_quality":{"good":true,"frontal":true,"good_illumination":true},"pipe":"pipe"}}],"file_attributes":{"caption":"","public_domain":"no","image_url":""}},"pipe_12.jpg176798":{"filename":"pipe_12.jpg","size":176798,"regions":[{"shape_attributes":{"name":"rect","x":3,"y":418,"width":716,"height":289},"region_attributes":{"type":"pipe","image_quality":{"good":true,"frontal":true,"good_illumination":true},"pipe":"pipe"}}],"file_attributes":{"caption":"","public_domain":"no","image_url":""}},"pipe_13.jpg200188":{"filename":"pipe_13.jpg","size":200188,"regions":[{"shape_attributes":{"name":"rect","x":48,"y":356,"width":729,"height":275},"region_attributes":{"type":"pipe","image_quality":{"good":true,"frontal":true,"good_illumination":true},"pipe":"pipe"}}],"file_attributes":{"caption":"","public_domain":"no","image_url":""}},"pipe_14.jpg201026":{"filename":"pipe_14.jpg","size":201026,"regions":[{"shape_attributes":{"name":"rect","x":87,"y":267,"width":701,"height":278},"region_attributes":{"type":"pipe","image_quality":{"good":true,"frontal":true,"good_illumination":true},"pipe":"pipe"}}],"file_attributes":{"caption":"","public_domain":"no","image_url":""}},"pipe_15.jpg186153":{"filename":"pipe_15.jpg","size":186153,"regions":[{"shape_attributes":{"name":"rect","x":113,"y":223,"width":776,"height":303},"region_attributes":{"type":"pipe","image_quality":{"good":true,"frontal":true,"good_illumination":true},"pipe":"pipe"}}],"file_attributes":{"caption":"","public_domain":"no","image_url":""}},"pipe_16.jpg170871":{"filename":"pipe_16.jpg","size":170871,"regions":[{"shape_attributes":{"name":"rect","x":179,"y":264,"width":761,"height":308},"region_attributes":{"type":"pipe","image_quality":{"good":true,"frontal":true,"good_illumination":true},"pipe":"pipe"}}],"file_attributes":{"caption":"","public_domain":"no","image_url":""}},"pipe_17.jpg155057":{"filename":"pipe_17.jpg","size":155057,"regions":[{"shape_attributes":{"name":"rect","x":211,"y":325,"width":779,"height":325},"region_attributes":{"type":"pipe","image_quality":{"good":true,"frontal":true,"good_illumination":true},"pipe":"pipe"}}],"file_attributes":{"caption":"","public_domain":"no","image_url":""}},"pipe_18.jpg152183":{"filename":"pipe_18.jpg","size":152183,"regions":[{"shape_attributes":{"name":"rect","x":252,"y":464,"width":797,"height":344},"region_attributes":{"type":"pipe","image_quality":{"good":true,"frontal":true,"good_illumination":true},"pipe":"pipe"}}],"file_attributes":{"caption":"","public_domain":"no","image_url":""}},"pipe_19.jpg182255":{"filename":"pipe_19.jpg","size":182255,"regions":[{"shape_attributes":{"name":"rect","x":296,"y":482,"width":787,"height":369},"region_attributes":{"type":"pipe","image_quality":{"good":true,"frontal":true,"good_illumination":true},"pipe":"pipe"}}],"file_attributes":{"caption":"","public_domain":"no","image_url":""}},"pipe_20.jpg158828":{"filename":"pipe_20.jpg","size":158828,"regions":[{"shape_attributes":{"name":"rect","x":294,"y":458,"width":817,"height":329},"region_attributes":{"type":"pipe","image_quality":{"good":true,"frontal":true,"good_illumination":true},"pipe":"pipe"}}],"file_attributes":{"caption":"","public_domain":"no","image_url":""}},"pipe_21.jpg173935":{"filename":"pipe_21.jpg","size":173935,"regions":[{"shape_attributes":{"name":"rect","x":304,"y":314,"width":805,"height":334},"region_attributes":{"type":"pipe","image_quality":{"good":true,"frontal":true,"good_illumination":true},"pipe":"pipe"}}],"file_attributes":{"caption":"","public_domain":"no","image_url":""}},"pipe_22.jpg190894":{"filename":"pipe_22.jpg","size":190894,"regions":[{"shape_attributes":{"name":"rect","x":241,"y":265,"width":778,"height":329},"region_attributes":{"type":"pipe","image_quality":{"good":true,"frontal":true,"good_illumination":true},"pipe":"pipe"}}],"file_attributes":{"caption":"","public_domain":"no","image_url":""}},"pipe_23.jpg180808":{"filename":"pipe_23.jpg","size":180808,"regions":[{"shape_attributes":{"name":"rect","x":183,"y":301,"width":761,"height":289},"region_attributes":{"type":"pipe","image_quality":{"good":true,"frontal":true,"good_illumination":true},"pipe":"pipe"}}],"file_attributes":{"caption":"","public_domain":"no","image_url":""}},"pipe_24.jpg177937":{"filename":"pipe_24.jpg","size":177937,"regions":[{"shape_attributes":{"name":"rect","x":121,"y":326,"width":791,"height":314},"region_attributes":{"type":"pipe","image_quality":{"good":true,"frontal":true,"good_illumination":true},"pipe":"pipe"}}],"file_attributes":{"caption":"","public_domain":"no","image_url":""}},"pipe_25.jpg170771":{"filename":"pipe_25.jpg","size":170771,"regions":[{"shape_attributes":{"name":"rect","x":7,"y":398,"width":743,"height":334},"region_attributes":{"type":"pipe","image_quality":{"good":true,"frontal":true,"good_illumination":true},"pipe":"pipe"}}],"file_attributes":{"caption":"","public_domain":"no","image_url":""}},"pipe_26.jpg170805":{"filename":"pipe_26.jpg","size":170805,"regions":[{"shape_attributes":{"name":"rect","x":4,"y":362,"width":674,"height":365},"region_attributes":{"type":"pipe","image_quality":{"good":true,"frontal":true,"good_illumination":true},"pipe":"pipe"}}],"file_attributes":{"caption":"","public_domain":"no","image_url":""}},"pipe_27.jpg150905":{"filename":"pipe_27.jpg","size":150905,"regions":[{"shape_attributes":{"name":"rect","x":6,"y":370,"width":833,"height":336},"region_attributes":{"type":"pipe","image_quality":{"good":true,"frontal":true,"good_illumination":true},"pipe":"pipe"}}],"file_attributes":{"caption":"","public_domain":"no","image_url":""}},"pipe_28.jpg154576":{"filename":"pipe_28.jpg","size":154576,"regions":[{"shape_attributes":{"name":"rect","x":36,"y":380,"width":879,"height":325},"region_attributes":{"type":"pipe","image_quality":{"good":true,"frontal":true,"good_illumination":true},"pipe":"pipe"}}],"file_attributes":{"caption":"","public_domain":"no","image_url":""}},"pipe_29.jpg136885":{"filename":"pipe_29.jpg","size":136885,"regions":[{"shape_attributes":{"name":"rect","x":285,"y":369,"width":935,"height":348},"region_attributes":{"type":"pipe","image_quality":{"good":true,"frontal":true,"good_illumination":true},"pipe":"pipe"}}],"file_attributes":{"caption":"","public_domain":"no","image_url":""}},"pipe_30.jpg179956":{"filename":"pipe_30.jpg","size":179956,"regions":[{"shape_attributes":{"name":"rect","x":428,"y":411,"width":847,"height":301},"region_attributes":{"type":"pipe","image_quality":{"good":true,"frontal":true,"good_illumination":true},"pipe":"pipe"}}],"file_attributes":{"caption":"","public_domain":"no","image_url":""}},"pipe_31.jpg174576":{"filename":"pipe_31.jpg","size":174576,"regions":[{"shape_attributes":{"name":"rect","x":438,"y":482,"width":808,"height":266},"region_attributes":{"type":"pipe","image_quality":{"good":true,"frontal":true,"good_illumination":true},"pipe":"pipe"}}],"file_attributes":{"caption":"","public_domain":"no","image_url":""}},"pipe_32.jpg195079":{"filename":"pipe_32.jpg","size":195079,"regions":[{"shape_attributes":{"name":"rect","x":463,"y":468,"width":802,"height":252},"region_attributes":{"type":"pipe","image_quality":{"good":true,"frontal":true,"good_illumination":true},"pipe":"pipe"}}],"file_attributes":{"caption":"","public_domain":"no","image_url":""}},"pipe_33.jpg198646":{"filename":"pipe_33.jpg","size":198646,"regions":[{"shape_attributes":{"name":"rect","x":423,"y":426,"width":803,"height":238},"region_attributes":{"type":"pipe","image_quality":{"good":true,"frontal":true,"good_illumination":true},"pipe":"pipe"}}],"file_attributes":{"caption":"","public_domain":"no","image_url":""}},"pipe_34.jpg179813":{"filename":"pipe_34.jpg","size":179813,"regions":[{"shape_attributes":{"name":"rect","x":350,"y":391,"width":831,"height":251},"region_attributes":{"type":"pipe","image_quality":{"good":true,"frontal":true,"good_illumination":true},"pipe":"pipe"}}],"file_attributes":{"caption":"","public_domain":"no","image_url":""}},"pipe_35.jpg184209":{"filename":"pipe_35.jpg","size":184209,"regions":[{"shape_attributes":{"name":"rect","x":303,"y":380,"width":864,"height":296},"region_attributes":{"type":"pipe","image_quality":{"good":true,"frontal":true,"good_illumination":true},"pipe":"pipe"}}],"file_attributes":{"caption":"","public_domain":"no","image_url":""}},"pipe_36.jpg179541":{"filename":"pipe_36.jpg","size":179541,"regions":[{"shape_attributes":{"name":"rect","x":237,"y":446,"width":893,"height":294},"region_attributes":{"type":"pipe","image_quality":{"good":true,"frontal":true,"good_illumination":true},"pipe":"pipe"}}],"file_attributes":{"caption":"","public_domain":"no","image_url":""}},"pipe_37.jpg163036":{"filename":"pipe_37.jpg","size":163036,"regions":[{"shape_attributes":{"name":"rect","x":165,"y":520,"width":955,"height":290},"region_attributes":{"type":"pipe","image_quality":{"good":true,"frontal":true,"good_illumination":true},"pipe":"pipe"}}],"file_attributes":{"caption":"","public_domain":"no","image_url":""}},"pipe_38.jpg163914":{"filename":"pipe_38.jpg","size":163914,"regions":[{"shape_attributes":{"name":"rect","x":90,"y":568,"width":970,"height":311},"region_attributes":{"type":"pipe","image_quality":{"good":true,"frontal":true,"good_illumination":true},"pipe":"pipe"}}],"file_attributes":{"caption":"","public_domain":"no","image_url":""}},"pipe_39.jpg175340":{"filename":"pipe_39.jpg","size":175340,"regions":[{"shape_attributes":{"name":"rect","x":43,"y":593,"width":983,"height":326},"region_attributes":{"type":"pipe","image_quality":{"good":true,"frontal":true,"good_illumination":true},"pipe":"pipe"}}],"file_attributes":{"caption":"","public_domain":"no","image_url":""}},"pipe_40.jpg165610":{"filename":"pipe_40.jpg","size":165610,"regions":[{"shape_attributes":{"name":"rect","x":29,"y":626,"width":1014,"height":345},"region_attributes":{"type":"pipe","image_quality":{"good":true,"frontal":true,"good_illumination":true},"pipe":"pipe"}}],"file_attributes":{"caption":"","public_domain":"no","image_url":""}},"pipe_41.jpg168864":{"filename":"pipe_41.jpg","size":168864,"regions":[{"shape_attributes":{"name":"rect","x":70,"y":654,"width":1023,"height":378},"region_attributes":{"type":"pipe","image_quality":{"good":true,"frontal":true,"good_illumination":true},"pipe":"pipe"}}],"file_attributes":{"caption":"","public_domain":"no","image_url":""}},"pipe_42.jpg170506":{"filename":"pipe_42.jpg","size":170506,"regions":[{"shape_attributes":{"name":"rect","x":113,"y":654,"width":984,"height":394},"region_attributes":{"type":"pipe","image_quality":{"good":true,"frontal":true,"good_illumination":true},"pipe":"pipe"}}],"file_attributes":{"caption":"","public_domain":"no","image_url":""}},"pipe_43.jpg155291":{"filename":"pipe_43.jpg","size":155291,"regions":[{"shape_attributes":{"name":"rect","x":143,"y":648,"width":951,"height":348},"region_attributes":{"type":"pipe","image_quality":{"good":true,"frontal":true,"good_illumination":true},"pipe":"pipe"}}],"file_attributes":{"caption":"","public_domain":"no","image_url":""}},"pipe_44.jpg164519":{"filename":"pipe_44.jpg","size":164519,"regions":[{"shape_attributes":{"name":"rect","x":257,"y":543,"width":866,"height":331},"region_attributes":{"type":"pipe","image_quality":{"good":true,"frontal":true,"good_illumination":true},"pipe":"pipe"}}],"file_attributes":{"caption":"","public_domain":"no","image_url":""}},"pipe_45.jpg170950":{"filename":"pipe_45.jpg","size":170950,"regions":[{"shape_attributes":{"name":"rect","x":280,"y":493,"width":826,"height":318},"region_attributes":{"type":"pipe","image_quality":{"good":true,"frontal":true,"good_illumination":true},"pipe":"pipe"}}],"file_attributes":{"caption":"","public_domain":"no","image_url":""}},"pipe_46.jpg186918":{"filename":"pipe_46.jpg","size":186918,"regions":[{"shape_attributes":{"name":"rect","x":283,"y":439,"width":826,"height":329},"region_attributes":{"type":"pipe","image_quality":{"good":true,"frontal":true,"good_illumination":true},"pipe":"pipe"}}],"file_attributes":{"caption":"","public_domain":"no","image_url":""}},"pipe_47.jpg188696":{"filename":"pipe_47.jpg","size":188696,"regions":[{"shape_attributes":{"name":"rect","x":285,"y":414,"width":797,"height":314},"region_attributes":{"type":"pipe","image_quality":{"good":true,"frontal":true,"good_illumination":true},"pipe":"pipe"}}],"file_attributes":{"caption":"","public_domain":"no","image_url":""}},"pipe_48.jpg205432":{"filename":"pipe_48.jpg","size":205432,"regions":[{"shape_attributes":{"name":"rect","x":314,"y":421,"width":757,"height":296},"region_attributes":{"type":"pipe","image_quality":{"good":true,"frontal":true,"good_illumination":true},"pipe":"pipe"}}],"file_attributes":{"caption":"","public_domain":"no","image_url":""}},"pipe_49.jpg206290":{"filename":"pipe_49.jpg","size":206290,"regions":[{"shape_attributes":{"name":"rect","x":402,"y":384,"width":705,"height":293},"region_attributes":{"type":"pipe","image_quality":{"good":true,"frontal":true,"good_illumination":true},"pipe":"pipe"}}],"file_attributes":{"caption":"","public_domain":"no","image_url":""}},"pipe_50.jpg216691":{"filename":"pipe_50.jpg","size":216691,"regions":[{"shape_attributes":{"name":"rect","x":419,"y":380,"width":716,"height":296},"region_attributes":{"type":"pipe","image_quality":{"good":true,"frontal":true,"good_illumination":true},"pipe":"pipe"}}],"file_attributes":{"caption":"","public_domain":"no","image_url":""}},"pipe_51.jpg214755":{"filename":"pipe_51.jpg","size":214755,"regions":[{"shape_attributes":{"name":"rect","x":414,"y":398,"width":733,"height":268},"region_attributes":{"type":"pipe","image_quality":{"good":true,"frontal":true,"good_illumination":true},"pipe":"pipe"}}],"file_attributes":{"caption":"","public_domain":"no","image_url":""}},"pipe_52.jpg207351":{"filename":"pipe_52.jpg","size":207351,"regions":[{"shape_attributes":{"name":"rect","x":395,"y":412,"width":740,"height":288},"region_attributes":{"type":"pipe","image_quality":{"good":true,"frontal":true,"good_illumination":true},"pipe":"pipe"}}],"file_attributes":{"caption":"","public_domain":"no","image_url":""}},"pipe_53.jpg209374":{"filename":"pipe_53.jpg","size":209374,"regions":[{"shape_attributes":{"name":"rect","x":398,"y":436,"width":739,"height":303},"region_attributes":{"type":"pipe","image_quality":{"good":true,"frontal":true,"good_illumination":true},"pipe":"pipe"}}],"file_attributes":{"caption":"","public_domain":"no","image_url":""}},"pipe_54.jpg196406":{"filename":"pipe_54.jpg","size":196406,"regions":[{"shape_attributes":{"name":"rect","x":390,"y":463,"width":782,"height":282},"region_attributes":{"type":"pipe","image_quality":{"good":true,"frontal":true,"good_illumination":true},"pipe":"pipe"}}],"file_attributes":{"caption":"","public_domain":"no","image_url":""}},"pipe_55.jpg208094":{"filename":"pipe_55.jpg","size":208094,"regions":[{"shape_attributes":{"name":"rect","x":401,"y":443,"width":750,"height":297},"region_attributes":{"type":"pipe","image_quality":{"good":true,"frontal":true,"good_illumination":true},"pipe":"pipe"}}],"file_attributes":{"caption":"","public_domain":"no","image_url":""}},"pipe_56.jpg199419":{"filename":"pipe_56.jpg","size":199419,"regions":[{"shape_attributes":{"name":"rect","x":390,"y":461,"width":789,"height":299},"region_attributes":{"type":"pipe","image_quality":{"good":true,"frontal":true,"good_illumination":true},"pipe":"pipe"}}],"file_attributes":{"caption":"","public_domain":"no","image_url":""}},"pipe_57.jpg194502":{"filename":"pipe_57.jpg","size":194502,"regions":[{"shape_attributes":{"name":"rect","x":348,"y":454,"width":809,"height":321},"region_attributes":{"type":"pipe","image_quality":{"good":true,"frontal":true,"good_illumination":true},"pipe":"pipe"}}],"file_attributes":{"caption":"","public_domain":"no","image_url":""}},"pipe_58.jpg181977":{"filename":"pipe_58.jpg","size":181977,"regions":[{"shape_attributes":{"name":"rect","x":320,"y":482,"width":834,"height":320},"region_attributes":{"type":"pipe","image_quality":{"good":true,"frontal":true,"good_illumination":true},"pipe":"pipe"}}],"file_attributes":{"caption":"","public_domain":"no","image_url":""}},"pipe_59.jpg174212":{"filename":"pipe_59.jpg","size":174212,"regions":[{"shape_attributes":{"name":"rect","x":290,"y":510,"width":855,"height":308},"region_attributes":{"type":"pipe","image_quality":{"good":true,"frontal":true,"good_illumination":true},"pipe":"pipe"}}],"file_attributes":{"caption":"","public_domain":"no","image_url":""}},"pipe_60.jpg164297":{"filename":"pipe_60.jpg","size":164297,"regions":[{"shape_attributes":{"name":"rect","x":241,"y":529,"width":871,"height":332},"region_attributes":{"type":"pipe","image_quality":{"good":true,"frontal":true,"good_illumination":true},"pipe":"pipe"}}],"file_attributes":{"caption":"","public_domain":"no","image_url":""}},"pipe_61.jpg179955":{"filename":"pipe_61.jpg","size":179955,"regions":[{"shape_attributes":{"name":"rect","x":202,"y":562,"width":883,"height":331},"region_attributes":{"type":"pipe","image_quality":{"good":true,"frontal":true,"good_illumination":true},"pipe":"pipe"}}],"file_attributes":{"caption":"","public_domain":"no","image_url":""}},"pipe_62.jpg178892":{"filename":"pipe_62.jpg","size":178892,"regions":[{"shape_attributes":{"name":"rect","x":171,"y":519,"width":1043,"height":356},"region_attributes":{"type":"pipe","image_quality":{"good":true,"frontal":true,"good_illumination":true},"pipe":"pipe"}}],"file_attributes":{"caption":"","public_domain":"no","image_url":""}},"pipe_63.jpg180795":{"filename":"pipe_63.jpg","size":180795,"regions":[{"shape_attributes":{"name":"rect","x":198,"y":536,"width":1032,"height":341},"region_attributes":{"type":"pipe","image_quality":{"good":true,"frontal":true,"good_illumination":true},"pipe":"pipe"}}],"file_attributes":{"caption":"","public_domain":"no","image_url":""}},"pipe_64.jpg171656":{"filename":"pipe_64.jpg","size":171656,"regions":[{"shape_attributes":{"name":"rect","x":177,"y":526,"width":1039,"height":363},"region_attributes":{"type":"pipe","image_quality":{"good":true,"frontal":true,"good_illumination":true},"pipe":"pipe"}}],"file_attributes":{"caption":"","public_domain":"no","image_url":""}},"pipe_65.jpg183529":{"filename":"pipe_65.jpg","size":183529,"regions":[{"shape_attributes":{"name":"rect","x":138,"y":519,"width":1050,"height":352},"region_attributes":{"type":"pipe","image_quality":{"good":true,"frontal":true,"good_illumination":true},"pipe":"pipe"}}],"file_attributes":{"caption":"","public_domain":"no","image_url":""}},"pipe_66.jpg163784":{"filename":"pipe_66.jpg","size":163784,"regions":[{"shape_attributes":{"name":"rect","x":228,"y":530,"width":1013,"height":317},"region_attributes":{"type":"pipe","image_quality":{"good":true,"frontal":true,"good_illumination":true},"pipe":"pipe"}}],"file_attributes":{"caption":"","public_domain":"no","image_url":""}},"pipe_67.jpg176372":{"filename":"pipe_67.jpg","size":176372,"regions":[{"shape_attributes":{"name":"rect","x":205,"y":545,"width":1008,"height":300},"region_attributes":{"type":"pipe","image_quality":{"good":true,"frontal":true,"good_illumination":true},"pipe":"pipe"}}],"file_attributes":{"caption":"","public_domain":"no","image_url":""}},"pipe_68.jpg193050":{"filename":"pipe_68.jpg","size":193050,"regions":[{"shape_attributes":{"name":"rect","x":163,"y":540,"width":981,"height":304},"region_attributes":{"type":"pipe","image_quality":{"good":true,"frontal":true,"good_illumination":true},"pipe":"pipe"}}],"file_attributes":{"caption":"","public_domain":"no","image_url":""}},"pipe_69.jpg194162":{"filename":"pipe_69.jpg","size":194162,"regions":[{"shape_attributes":{"name":"rect","x":186,"y":506,"width":1002,"height":321},"region_attributes":{"type":"pipe","image_quality":{"good":true,"frontal":true,"good_illumination":true},"pipe":"pipe"}}],"file_attributes":{"caption":"","public_domain":"no","image_url":""}},"pipe_70.jpg192326":{"filename":"pipe_70.jpg","size":192326,"regions":[{"shape_attributes":{"name":"rect","x":213,"y":529,"width":960,"height":299},"region_attributes":{"type":"pipe","image_quality":{"good":true,"frontal":true,"good_illumination":true},"pipe":"pipe"}}],"file_attributes":{"caption":"","public_domain":"no","image_url":""}},"pipe_71.jpg180645":{"filename":"pipe_71.jpg","size":180645,"regions":[{"shape_attributes":{"name":"rect","x":160,"y":513,"width":966,"height":317},"region_attributes":{"type":"pipe","image_quality":{"good":true,"frontal":true,"good_illumination":true},"pipe":"pipe"}}],"file_attributes":{"caption":"","public_domain":"no","image_url":""}},"pipe_72.jpg200448":{"filename":"pipe_72.jpg","size":200448,"regions":[{"shape_attributes":{"name":"rect","x":114,"y":524,"width":984,"height":313},"region_attributes":{"type":"pipe","image_quality":{"good":true,"frontal":true,"good_illumination":true},"pipe":"pipe"}}],"file_attributes":{"caption":"","public_domain":"no","image_url":""}},"pipe_73.jpg215388":{"filename":"pipe_73.jpg","size":215388,"regions":[{"shape_attributes":{"name":"rect","x":87,"y":544,"width":963,"height":303},"region_attributes":{"type":"pipe","image_quality":{"good":true,"frontal":true,"good_illumination":true},"pipe":"pipe"}}],"file_attributes":{"caption":"","public_domain":"no","image_url":""}},"pipe_74.jpg192841":{"filename":"pipe_74.jpg","size":192841,"regions":[{"shape_attributes":{"name":"rect","x":110,"y":529,"width":970,"height":299},"region_attributes":{"type":"pipe","image_quality":{"good":true,"frontal":true,"good_illumination":true},"pipe":"pipe"}}],"file_attributes":{"caption":"","public_domain":"no","image_url":""}},"pipe_75.jpg181698":{"filename":"pipe_75.jpg","size":181698,"regions":[{"shape_attributes":{"name":"rect","x":174,"y":519,"width":944,"height":292},"region_attributes":{"type":"pipe","image_quality":{"good":true,"frontal":true,"good_illumination":true},"pipe":"pipe"}}],"file_attributes":{"caption":"","public_domain":"no","image_url":""}},"pipe_76.jpg186031":{"filename":"pipe_76.jpg","size":186031,"regions":[{"shape_attributes":{"name":"rect","x":245,"y":492,"width":899,"height":269},"region_attributes":{"type":"pipe","image_quality":{"good":true,"frontal":true,"good_illumination":true},"pipe":"pipe"}}],"file_attributes":{"caption":"","public_domain":"no","image_url":""}},"pipe_77.jpg194405":{"filename":"pipe_77.jpg","size":194405,"regions":[{"shape_attributes":{"name":"rect","x":280,"y":453,"width":852,"height":269},"region_attributes":{"type":"pipe","image_quality":{"good":true,"frontal":true,"good_illumination":true},"pipe":"pipe"}}],"file_attributes":{"caption":"","public_domain":"no","image_url":""}},"pipe_78.jpg231299":{"filename":"pipe_78.jpg","size":231299,"regions":[{"shape_attributes":{"name":"rect","x":304,"y":411,"width":831,"height":266},"region_attributes":{"type":"pipe","image_quality":{"good":true,"frontal":true,"good_illumination":true},"pipe":"pipe"}}],"file_attributes":{"caption":"","public_domain":"no","image_url":""}},"pipe_79.jpg236815":{"filename":"pipe_79.jpg","size":236815,"regions":[{"shape_attributes":{"name":"rect","x":320,"y":415,"width":808,"height":258},"region_attributes":{"type":"pipe","image_quality":{"good":true,"frontal":true,"good_illumination":true},"pipe":"pipe"}}],"file_attributes":{"caption":"","public_domain":"no","image_url":""}},"pipe_80.jpg187471":{"filename":"pipe_80.jpg","size":187471,"regions":[{"shape_attributes":{"name":"rect","x":308,"y":508,"width":826,"height":251},"region_attributes":{"type":"pipe","image_quality":{"good":true,"frontal":true,"good_illumination":true},"pipe":"pipe"}}],"file_attributes":{"caption":"","public_domain":"no","image_url":""}},"pipe_81.jpg177890":{"filename":"pipe_81.jpg","size":177890,"regions":[{"shape_attributes":{"name":"rect","x":257,"y":572,"width":920,"height":310},"region_attributes":{"type":"pipe","image_quality":{"good":true,"frontal":true,"good_illumination":true},"pipe":"pipe"}}],"file_attributes":{"caption":"","public_domain":"no","image_url":""}},"pipe_82.jpg162274":{"filename":"pipe_82.jpg","size":162274,"regions":[{"shape_attributes":{"name":"rect","x":250,"y":604,"width":930,"height":317},"region_attributes":{"type":"pipe","image_quality":{"good":true,"frontal":true,"good_illumination":true},"pipe":"pipe"}}],"file_attributes":{"caption":"","public_domain":"no","image_url":""}},"pipe_83.jpg171166":{"filename":"pipe_83.jpg","size":171166,"regions":[{"shape_attributes":{"name":"rect","x":234,"y":644,"width":942,"height":325},"region_attributes":{"type":"pipe","image_quality":{"good":true,"frontal":true,"good_illumination":true},"pipe":"pipe"}}],"file_attributes":{"caption":"","public_domain":"no","image_url":""}},"pipe_84.jpg169019":{"filename":"pipe_84.jpg","size":169019,"regions":[{"shape_attributes":{"name":"rect","x":230,"y":655,"width":935,"height":327},"region_attributes":{"type":"pipe","image_quality":{"good":true,"frontal":true,"good_illumination":true},"pipe":"pipe"}}],"file_attributes":{"caption":"","public_domain":"no","image_url":""}},"pipe_85.jpg177864":{"filename":"pipe_85.jpg","size":177864,"regions":[{"shape_attributes":{"name":"rect","x":258,"y":547,"width":1007,"height":348},"region_attributes":{"type":"pipe","image_quality":{"good":true,"frontal":true,"good_illumination":true},"pipe":"pipe"}}],"file_attributes":{"caption":"","public_domain":"no","image_url":""}},"pipe_86.jpg178839":{"filename":"pipe_86.jpg","size":178839,"regions":[{"shape_attributes":{"name":"rect","x":255,"y":540,"width":994,"height":355},"region_attributes":{"type":"pipe","image_quality":{"good":true,"frontal":true,"good_illumination":true},"pipe":"pipe"}}],"file_attributes":{"caption":"","public_domain":"no","image_url":""}},"pipe_87.jpg178629":{"filename":"pipe_87.jpg","size":178629,"regions":[{"shape_attributes":{"name":"rect","x":236,"y":533,"width":998,"height":359},"region_attributes":{"type":"pipe","image_quality":{"good":true,"frontal":true,"good_illumination":true},"pipe":"pipe"}}],"file_attributes":{"caption":"","public_domain":"no","image_url":""}},"pipe_88.jpg155540":{"filename":"pipe_88.jpg","size":155540,"regions":[{"shape_attributes":{"name":"rect","x":294,"y":502,"width":972,"height":358},"region_attributes":{"type":"pipe","image_quality":{"good":true,"frontal":true,"good_illumination":true},"pipe":"pipe"}}],"file_attributes":{"caption":"","public_domain":"no","image_url":""}},"pipe_89.jpg161160":{"filename":"pipe_89.jpg","size":161160,"regions":[{"shape_attributes":{"name":"rect","x":313,"y":496,"width":962,"height":380},"region_attributes":{"type":"pipe","image_quality":{"good":true,"frontal":true,"good_illumination":true},"pipe":"pipe"}}],"file_attributes":{"caption":"","public_domain":"no","image_url":""}},"pipe_90.jpg188696":{"filename":"pipe_90.jpg","size":188696,"regions":[{"shape_attributes":{"name":"rect","x":280,"y":405,"width":799,"height":328},"region_attributes":{"type":"pipe","image_quality":{"good":true,"frontal":true,"good_illumination":true},"pipe":"pipe"}}],"file_attributes":{"caption":"","public_domain":"no","image_url":""}},"pipe_91.jpg205432":{"filename":"pipe_91.jpg","size":205432,"regions":[{"shape_attributes":{"name":"rect","x":321,"y":414,"width":751,"height":303},"region_attributes":{"type":"pipe","image_quality":{"good":true,"frontal":true,"good_illumination":true},"pipe":"pipe"}}],"file_attributes":{"caption":"","public_domain":"no","image_url":""}},"pipe_92.jpg206290":{"filename":"pipe_92.jpg","size":206290,"regions":[{"shape_attributes":{"name":"rect","x":388,"y":387,"width":729,"height":290},"region_attributes":{"type":"pipe","image_quality":{"good":true,"frontal":true,"good_illumination":true},"pipe":"pipe"}}],"file_attributes":{"caption":"","public_domain":"no","image_url":""}},"pipe_93.jpg216691":{"filename":"pipe_93.jpg","size":216691,"regions":[{"shape_attributes":{"name":"rect","x":425,"y":388,"width":711,"height":276},"region_attributes":{"type":"pipe","image_quality":{"good":true,"frontal":true,"good_illumination":true},"pipe":"pipe"}}],"file_attributes":{"caption":"","public_domain":"no","image_url":""}},"pipe_94.jpg214755":{"filename":"pipe_94.jpg","size":214755,"regions":[{"shape_attributes":{"name":"rect","x":412,"y":384,"width":718,"height":290},"region_attributes":{"type":"pipe","image_quality":{"good":true,"frontal":true,"good_illumination":true},"pipe":"pipe"}}],"file_attributes":{"caption":"","public_domain":"no","image_url":""}},"pipe_95.jpg207351":{"filename":"pipe_95.jpg","size":207351,"regions":[{"shape_attributes":{"name":"rect","x":390,"y":384,"width":749,"height":311},"region_attributes":{"type":"pipe","image_quality":{"good":true,"frontal":true,"good_illumination":true},"pipe":"pipe"}}],"file_attributes":{"caption":"","public_domain":"no","image_url":""}},"pipe_96.jpg209374":{"filename":"pipe_96.jpg","size":209374,"regions":[{"shape_attributes":{"name":"rect","x":387,"y":421,"width":757,"height":300},"region_attributes":{"type":"pipe","image_quality":{"good":true,"frontal":true,"good_illumination":true},"pipe":"pipe"}}],"file_attributes":{"caption":"","public_domain":"no","image_url":""}},"pipe_97.jpg196406":{"filename":"pipe_97.jpg","size":196406,"regions":[{"shape_attributes":{"name":"rect","x":388,"y":416,"width":777,"height":328},"region_attributes":{"type":"pipe","image_quality":{"good":true,"frontal":true,"good_illumination":true},"pipe":"pipe"}}],"file_attributes":{"caption":"","public_domain":"no","image_url":""}},"pipe_98.jpg208094":{"filename":"pipe_98.jpg","size":208094,"regions":[{"shape_attributes":{"name":"rect","x":381,"y":429,"width":758,"height":323},"region_attributes":{"type":"pipe","image_quality":{"good":true,"frontal":true,"good_illumination":true},"pipe":"pipe"}}],"file_attributes":{"caption":"","public_domain":"no","image_url":""}},"pipe_99.jpg199419":{"filename":"pipe_99.jpg","size":199419,"regions":[{"shape_attributes":{"name":"rect","x":381,"y":444,"width":795,"height":317},"region_attributes":{"type":"pipe","image_quality":{"good":true,"frontal":true,"good_illumination":true},"pipe":"pipe"}}],"file_attributes":{"caption":"","public_domain":"no","image_url":""}},"pipe_100.jpg194502":{"filename":"pipe_100.jpg","size":194502,"regions":[{"shape_attributes":{"name":"rect","x":350,"y":446,"width":810,"height":315},"region_attributes":{"type":"pipe","image_quality":{"good":true,"frontal":true,"good_illumination":true},"pipe":"pipe"}}],"file_attributes":{"caption":"","public_domain":"no","image_url":""}}}