filename,file_size,file_attributes,region_count,region_id,region_shape_attributes,region_attributes
pipe_1.jpg,165403,"{""caption"":"""",""public_domain"":""no"",""image_url"":""""}",1,0,"{""name"":""rect"",""x"":147,""y"":531,""width"":1027,""height"":351}","{""type"":""pipe"",""image_quality"":{""good"":true,""frontal"":true,""good_illumination"":true},""pipe"":""pipe""}"
pipe_2.jpg,188567,"{""caption"":"""",""public_domain"":""no"",""image_url"":""""}",1,0,"{""name"":""rect"",""x"":118,""y"":547,""width"":1023,""height"":336}","{""type"":""pipe"",""image_quality"":{""good"":true,""frontal"":true,""good_illumination"":true},""pipe"":""pipe""}"
pipe_3.jpg,183870,"{""caption"":"""",""public_domain"":""no"",""image_url"":""""}",1,0,"{""name"":""rect"",""x"":177,""y"":547,""width"":1022,""height"":343}","{""type"":""pipe"",""image_quality"":{""good"":true,""frontal"":true,""good_illumination"":true},""pipe"":""pipe""}"
pipe_4.jpg,178717,"{""caption"":"""",""public_domain"":""no"",""image_url"":""""}",1,0,"{""name"":""rect"",""x"":147,""y"":562,""width"":1026,""height"":329}","{""type"":""pipe"",""image_quality"":{""good"":true,""frontal"":true,""good_illumination"":true},""pipe"":""pipe""}"
pipe_5.jpg,187693,"{""caption"":"""",""public_domain"":""no"",""image_url"":""""}",1,0,"{""name"":""rect"",""x"":301,""y"":484,""width"":770,""height"":360}","{""type"":""pipe"",""image_quality"":{""good"":true,""frontal"":true,""good_illumination"":true},""pipe"":""pipe""}"
pipe_6.jpg,190432,"{""caption"":"""",""public_domain"":""no"",""image_url"":""""}",1,0,"{""name"":""rect"",""x"":269,""y"":503,""width"":751,""height"":279}","{""type"":""pipe"",""image_quality"":{""good"":true,""frontal"":true,""good_illumination"":true},""pipe"":""pipe""}"
pipe_7.jpg,190860,"{""caption"":"""",""public_domain"":""no"",""image_url"":""""}",1,0,"{""name"":""rect"",""x"":250,""y"":529,""width"":771,""height"":270}","{""type"":""pipe"",""image_quality"":{""good"":true,""frontal"":true,""good_illumination"":true},""pipe"":""pipe""}"
pipe_8.jpg,193380,"{""caption"":"""",""public_domain"":""no"",""image_url"":""""}",1,0,"{""name"":""rect"",""x"":248,""y"":548,""width"":749,""height"":256}","{""type"":""pipe"",""image_quality"":{""good"":true,""frontal"":true,""good_illumination"":true},""pipe"":""pipe""}"
pipe_9.jpg,184093,"{""caption"":"""",""public_domain"":""no"",""image_url"":""""}",1,0,"{""name"":""rect"",""x"":191,""y"":551,""width"":775,""height"":268}","{""type"":""pipe"",""image_quality"":{""good"":true,""frontal"":true,""good_illumination"":true},""pipe"":""pipe""}"
pipe_10.jpg,187237,"{""caption"":"""",""public_domain"":""no"",""image_url"":""""}",1,0,"{""name"":""rect"",""x"":80,""y"":562,""width"":740,""height"":257}","{""type"":""pipe"",""image_quality"":{""good"":true,""frontal"":true,""good_illumination"":true},""pipe"":""pipe""}"
pipe_11.jpg,187532,"{""caption"":"""",""public_domain"":""no"",""image_url"":""""}",1,0,"{""name"":""rect"",""x"":34,""y"":552,""width"":734,""height"":279}","{""type"":""pipe"",""image_quality"":{""good"":true,""frontal"":true,""good_illumination"":true},""pipe"":""pipe""}"
pipe_12.jpg,176798,"{""caption"":"""",""public_domain"":""no"",""image_url"":""""}",1,0,"{""name"":""rect"",""x"":3,""y"":418,""width"":716,""height"":289}","{""type"":""pipe"",""image_quality"":{""good"":true,""frontal"":true,""good_illumination"":true},""pipe"":""pipe""}"
pipe_13.jpg,200188,"{""caption"":"""",""public_domain"":""no"",""image_url"":""""}",1,0,"{""name"":""rect"",""x"":48,""y"":356,""width"":729,""height"":275}","{""type"":""pipe"",""image_quality"":{""good"":true,""frontal"":true,""good_illumination"":true},""pipe"":""pipe""}"
pipe_14.jpg,201026,"{""caption"":"""",""public_domain"":""no"",""image_url"":""""}",1,0,"{""name"":""rect"",""x"":87,""y"":267,""width"":701,""height"":278}","{""type"":""pipe"",""image_quality"":{""good"":true,""frontal"":true,""good_illumination"":true},""pipe"":""pipe""}"
pipe_15.jpg,186153,"{""caption"":"""",""public_domain"":""no"",""image_url"":""""}",1,0,"{""name"":""rect"",""x"":113,""y"":223,""width"":776,""height"":303}","{""type"":""pipe"",""image_quality"":{""good"":true,""frontal"":true,""good_illumination"":true},""pipe"":""pipe""}"
pipe_16.jpg,170871,"{""caption"":"""",""public_domain"":""no"",""image_url"":""""}",1,0,"{""name"":""rect"",""x"":179,""y"":264,""width"":761,""height"":308}","{""type"":""pipe"",""image_quality"":{""good"":true,""frontal"":true,""good_illumination"":true},""pipe"":""pipe""}"
pipe_17.jpg,155057,"{""caption"":"""",""public_domain"":""no"",""image_url"":""""}",1,0,"{""name"":""rect"",""x"":211,""y"":325,""width"":779,""height"":325}","{""type"":""pipe"",""image_quality"":{""good"":true,""frontal"":true,""good_illumination"":true},""pipe"":""pipe""}"
pipe_18.jpg,152183,"{""caption"":"""",""public_domain"":""no"",""image_url"":""""}",1,0,"{""name"":""rect"",""x"":252,""y"":464,""width"":797,""height"":344}","{""type"":""pipe"",""image_quality"":{""good"":true,""frontal"":true,""good_illumination"":true},""pipe"":""pipe""}"
pipe_19.jpg,182255,"{""caption"":"""",""public_domain"":""no"",""image_url"":""""}",1,0,"{""name"":""rect"",""x"":296,""y"":482,""width"":787,""height"":369}","{""type"":""pipe"",""image_quality"":{""good"":true,""frontal"":true,""good_illumination"":true},""pipe"":""pipe""}"
pipe_20.jpg,158828,"{""caption"":"""",""public_domain"":""no"",""image_url"":""""}",1,0,"{""name"":""rect"",""x"":294,""y"":458,""width"":817,""height"":329}","{""type"":""pipe"",""image_quality"":{""good"":true,""frontal"":true,""good_illumination"":true},""pipe"":""pipe""}"
pipe_21.jpg,173935,"{""caption"":"""",""public_domain"":""no"",""image_url"":""""}",1,0,"{""name"":""rect"",""x"":304,""y"":314,""width"":805,""height"":334}","{""type"":""pipe"",""image_quality"":{""good"":true,""frontal"":true,""good_illumination"":true},""pipe"":""pipe""}"
pipe_22.jpg,190894,"{""caption"":"""",""public_domain"":""no"",""image_url"":""""}",1,0,"{""name"":""rect"",""x"":241,""y"":265,""width"":778,""height"":329}","{""type"":""pipe"",""image_quality"":{""good"":true,""frontal"":true,""good_illumination"":true},""pipe"":""pipe""}"
pipe_23.jpg,180808,"{""caption"":"""",""public_domain"":""no"",""image_url"":""""}",1,0,"{""name"":""rect"",""x"":183,""y"":301,""width"":761,""height"":289}","{""type"":""pipe"",""image_quality"":{""good"":true,""frontal"":true,""good_illumination"":true},""pipe"":""pipe""}"
pipe_24.jpg,177937,"{""caption"":"""",""public_domain"":""no"",""image_url"":""""}",1,0,"{""name"":""rect"",""x"":121,""y"":326,""width"":791,""height"":314}","{""type"":""pipe"",""image_quality"":{""good"":true,""frontal"":true,""good_illumination"":true},""pipe"":""pipe""}"
pipe_25.jpg,170771,"{""caption"":"""",""public_domain"":""no"",""image_url"":""""}",1,0,"{""name"":""rect"",""x"":7,""y"":398,""width"":743,""height"":334}","{""type"":""pipe"",""image_quality"":{""good"":true,""frontal"":true,""good_illumination"":true},""pipe"":""pipe""}"
pipe_26.jpg,170805,"{""caption"":"""",""public_domain"":""no"",""image_url"":""""}",1,0,"{""name"":""rect"",""x"":4,""y"":362,""width"":674,""height"":365}","{""type"":""pipe"",""image_quality"":{""good"":true,""frontal"":true,""good_illumination"":true},""pipe"":""pipe""}"
pipe_27.jpg,150905,"{""caption"":"""",""public_domain"":""no"",""image_url"":""""}",1,0,"{""name"":""rect"",""x"":6,""y"":370,""width"":833,""height"":336}","{""type"":""pipe"",""image_quality"":{""good"":true,""frontal"":true,""good_illumination"":true},""pipe"":""pipe""}"
pipe_28.jpg,154576,"{""caption"":"""",""public_domain"":""no"",""image_url"":""""}",1,0,"{""name"":""rect"",""x"":36,""y"":380,""width"":879,""height"":325}","{""type"":""pipe"",""image_quality"":{""good"":true,""frontal"":true,""good_illumination"":true},""pipe"":""pipe""}"
pipe_29.jpg,136885,"{""caption"":"""",""public_domain"":""no"",""image_url"":""""}",1,0,"{""name"":""rect"",""x"":285,""y"":369,""width"":935,""height"":348}","{""type"":""pipe"",""image_quality"":{""good"":true,""frontal"":true,""good_illumination"":true},""pipe"":""pipe""}"
pipe_30.jpg,179956,"{""caption"":"""",""public_domain"":""no"",""image_url"":""""}",1,0,"{""name"":""rect"",""x"":428,""y"":411,""width"":847,""height"":301}","{""type"":""pipe"",""image_quality"":{""good"":true,""frontal"":true,""good_illumination"":true},""pipe"":""pipe""}"
pipe_31.jpg,174576,"{""caption"":"""",""public_domain"":""no"",""image_url"":""""}",1,0,"{""name"":""rect"",""x"":438,""y"":482,""width"":808,""height"":266}","{""type"":""pipe"",""image_quality"":{""good"":true,""frontal"":true,""good_illumination"":true},""pipe"":""pipe""}"
pipe_32.jpg,195079,"{""caption"":"""",""public_domain"":""no"",""image_url"":""""}",1,0,"{""name"":""rect"",""x"":463,""y"":468,""width"":802,""height"":252}","{""type"":""pipe"",""image_quality"":{""good"":true,""frontal"":true,""good_illumination"":true},""pipe"":""pipe""}"
pipe_33.jpg,198646,"{""caption"":"""",""public_domain"":""no"",""image_url"":""""}",1,0,"{""name"":""rect"",""x"":423,""y"":426,""width"":803,""height"":238}","{""type"":""pipe"",""image_quality"":{""good"":true,""frontal"":true,""good_illumination"":true},""pipe"":""pipe""}"
pipe_34.jpg,179813,"{""caption"":"""",""public_domain"":""no"",""image_url"":""""}",1,0,"{""name"":""rect"",""x"":350,""y"":391,""width"":831,""height"":251}","{""type"":""pipe"",""image_quality"":{""good"":true,""frontal"":true,""good_illumination"":true},""pipe"":""pipe""}"
pipe_35.jpg,184209,"{""caption"":"""",""public_domain"":""no"",""image_url"":""""}",1,0,"{""name"":""rect"",""x"":303,""y"":380,""width"":864,""height"":296}","{""type"":""pipe"",""image_quality"":{""good"":true,""frontal"":true,""good_illumination"":true},""pipe"":""pipe""}"
pipe_36.jpg,179541,"{""caption"":"""",""public_domain"":""no"",""image_url"":""""}",1,0,"{""name"":""rect"",""x"":237,""y"":446,""width"":893,""height"":294}","{""type"":""pipe"",""image_quality"":{""good"":true,""frontal"":true,""good_illumination"":true},""pipe"":""pipe""}"
pipe_37.jpg,163036,"{""caption"":"""",""public_domain"":""no"",""image_url"":""""}",1,0,"{""name"":""rect"",""x"":165,""y"":520,""width"":955,""height"":290}","{""type"":""pipe"",""image_quality"":{""good"":true,""frontal"":true,""good_illumination"":true},""pipe"":""pipe""}"
pipe_38.jpg,163914,"{""caption"":"""",""public_domain"":""no"",""image_url"":""""}",1,0,"{""name"":""rect"",""x"":90,""y"":568,""width"":970,""height"":311}","{""type"":""pipe"",""image_quality"":{""good"":true,""frontal"":true,""good_illumination"":true},""pipe"":""pipe""}"
pipe_39.jpg,175340,"{""caption"":"""",""public_domain"":""no"",""image_url"":""""}",1,0,"{""name"":""rect"",""x"":43,""y"":593,""width"":983,""height"":326}","{""type"":""pipe"",""image_quality"":{""good"":true,""frontal"":true,""good_illumination"":true},""pipe"":""pipe""}"
pipe_40.jpg,165610,"{""caption"":"""",""public_domain"":""no"",""image_url"":""""}",1,0,"{""name"":""rect"",""x"":29,""y"":626,""width"":1014,""height"":345}","{""type"":""pipe"",""image_quality"":{""good"":true,""frontal"":true,""good_illumination"":true},""pipe"":""pipe""}"
pipe_41.jpg,168864,"{""caption"":"""",""public_domain"":""no"",""image_url"":""""}",1,0,"{""name"":""rect"",""x"":70,""y"":654,""width"":1023,""height"":378}","{""type"":""pipe"",""image_quality"":{""good"":true,""frontal"":true,""good_illumination"":true},""pipe"":""pipe""}"
pipe_42.jpg,170506,"{""caption"":"""",""public_domain"":""no"",""image_url"":""""}",1,0,"{""name"":""rect"",""x"":113,""y"":654,""width"":984,""height"":394}","{""type"":""pipe"",""image_quality"":{""good"":true,""frontal"":true,""good_illumination"":true},""pipe"":""pipe""}"
pipe_43.jpg,155291,"{""caption"":"""",""public_domain"":""no"",""image_url"":""""}",1,0,"{""name"":""rect"",""x"":143,""y"":648,""width"":951,""height"":348}","{""type"":""pipe"",""image_quality"":{""good"":true,""frontal"":true,""good_illumination"":true},""pipe"":""pipe""}"
pipe_44.jpg,164519,"{""caption"":"""",""public_domain"":""no"",""image_url"":""""}",1,0,"{""name"":""rect"",""x"":257,""y"":543,""width"":866,""height"":331}","{""type"":""pipe"",""image_quality"":{""good"":true,""frontal"":true,""good_illumination"":true},""pipe"":""pipe""}"
pipe_45.jpg,170950,"{""caption"":"""",""public_domain"":""no"",""image_url"":""""}",1,0,"{""name"":""rect"",""x"":280,""y"":493,""width"":826,""height"":318}","{""type"":""pipe"",""image_quality"":{""good"":true,""frontal"":true,""good_illumination"":true},""pipe"":""pipe""}"
pipe_46.jpg,186918,"{""caption"":"""",""public_domain"":""no"",""image_url"":""""}",1,0,"{""name"":""rect"",""x"":283,""y"":439,""width"":826,""height"":329}","{""type"":""pipe"",""image_quality"":{""good"":true,""frontal"":true,""good_illumination"":true},""pipe"":""pipe""}"
pipe_47.jpg,188696,"{""caption"":"""",""public_domain"":""no"",""image_url"":""""}",1,0,"{""name"":""rect"",""x"":285,""y"":414,""width"":797,""height"":314}","{""type"":""pipe"",""image_quality"":{""good"":true,""frontal"":true,""good_illumination"":true},""pipe"":""pipe""}"
pipe_48.jpg,205432,"{""caption"":"""",""public_domain"":""no"",""image_url"":""""}",1,0,"{""name"":""rect"",""x"":314,""y"":421,""width"":757,""height"":296}","{""type"":""pipe"",""image_quality"":{""good"":true,""frontal"":true,""good_illumination"":true},""pipe"":""pipe""}"
pipe_49.jpg,206290,"{""caption"":"""",""public_domain"":""no"",""image_url"":""""}",1,0,"{""name"":""rect"",""x"":402,""y"":384,""width"":705,""height"":293}","{""type"":""pipe"",""image_quality"":{""good"":true,""frontal"":true,""good_illumination"":true},""pipe"":""pipe""}"
pipe_50.jpg,216691,"{""caption"":"""",""public_domain"":""no"",""image_url"":""""}",1,0,"{""name"":""rect"",""x"":419,""y"":380,""width"":716,""height"":296}","{""type"":""pipe"",""image_quality"":{""good"":true,""frontal"":true,""good_illumination"":true},""pipe"":""pipe""}"
pipe_51.jpg,214755,"{""caption"":"""",""public_domain"":""no"",""image_url"":""""}",1,0,"{""name"":""rect"",""x"":414,""y"":398,""width"":733,""height"":268}","{""type"":""pipe"",""image_quality"":{""good"":true,""frontal"":true,""good_illumination"":true},""pipe"":""pipe""}"
pipe_52.jpg,207351,"{""caption"":"""",""public_domain"":""no"",""image_url"":""""}",1,0,"{""name"":""rect"",""x"":395,""y"":412,""width"":740,""height"":288}","{""type"":""pipe"",""image_quality"":{""good"":true,""frontal"":true,""good_illumination"":true},""pipe"":""pipe""}"
pipe_53.jpg,209374,"{""caption"":"""",""public_domain"":""no"",""image_url"":""""}",1,0,"{""name"":""rect"",""x"":398,""y"":436,""width"":739,""height"":303}","{""type"":""pipe"",""image_quality"":{""good"":true,""frontal"":true,""good_illumination"":true},""pipe"":""pipe""}"
pipe_54.jpg,196406,"{""caption"":"""",""public_domain"":""no"",""image_url"":""""}",1,0,"{""name"":""rect"",""x"":390,""y"":463,""width"":782,""height"":282}","{""type"":""pipe"",""image_quality"":{""good"":true,""frontal"":true,""good_illumination"":true},""pipe"":""pipe""}"
pipe_55.jpg,208094,"{""caption"":"""",""public_domain"":""no"",""image_url"":""""}",1,0,"{""name"":""rect"",""x"":401,""y"":443,""width"":750,""height"":297}","{""type"":""pipe"",""image_quality"":{""good"":true,""frontal"":true,""good_illumination"":true},""pipe"":""pipe""}"
pipe_56.jpg,199419,"{""caption"":"""",""public_domain"":""no"",""image_url"":""""}",1,0,"{""name"":""rect"",""x"":390,""y"":461,""width"":789,""height"":299}","{""type"":""pipe"",""image_quality"":{""good"":true,""frontal"":true,""good_illumination"":true},""pipe"":""pipe""}"
pipe_57.jpg,194502,"{""caption"":"""",""public_domain"":""no"",""image_url"":""""}",1,0,"{""name"":""rect"",""x"":348,""y"":454,""width"":809,""height"":321}","{""type"":""pipe"",""image_quality"":{""good"":true,""frontal"":true,""good_illumination"":true},""pipe"":""pipe""}"
pipe_58.jpg,181977,"{""caption"":"""",""public_domain"":""no"",""image_url"":""""}",1,0,"{""name"":""rect"",""x"":320,""y"":482,""width"":834,""height"":320}","{""type"":""pipe"",""image_quality"":{""good"":true,""frontal"":true,""good_illumination"":true},""pipe"":""pipe""}"
pipe_59.jpg,174212,"{""caption"":"""",""public_domain"":""no"",""image_url"":""""}",1,0,"{""name"":""rect"",""x"":290,""y"":510,""width"":855,""height"":308}","{""type"":""pipe"",""image_quality"":{""good"":true,""frontal"":true,""good_illumination"":true},""pipe"":""pipe""}"
pipe_60.jpg,164297,"{""caption"":"""",""public_domain"":""no"",""image_url"":""""}",1,0,"{""name"":""rect"",""x"":241,""y"":529,""width"":871,""height"":332}","{""type"":""pipe"",""image_quality"":{""good"":true,""frontal"":true,""good_illumination"":true},""pipe"":""pipe""}"
pipe_61.jpg,179955,"{""caption"":"""",""public_domain"":""no"",""image_url"":""""}",1,0,"{""name"":""rect"",""x"":202,""y"":562,""width"":883,""height"":331}","{""type"":""pipe"",""image_quality"":{""good"":true,""frontal"":true,""good_illumination"":true},""pipe"":""pipe""}"
pipe_62.jpg,178892,"{""caption"":"""",""public_domain"":""no"",""image_url"":""""}",1,0,"{""name"":""rect"",""x"":171,""y"":519,""width"":1043,""height"":356}","{""type"":""pipe"",""image_quality"":{""good"":true,""frontal"":true,""good_illumination"":true},""pipe"":""pipe""}"
pipe_63.jpg,180795,"{""caption"":"""",""public_domain"":""no"",""image_url"":""""}",1,0,"{""name"":""rect"",""x"":198,""y"":536,""width"":1032,""height"":341}","{""type"":""pipe"",""image_quality"":{""good"":true,""frontal"":true,""good_illumination"":true},""pipe"":""pipe""}"
pipe_64.jpg,171656,"{""caption"":"""",""public_domain"":""no"",""image_url"":""""}",1,0,"{""name"":""rect"",""x"":177,""y"":526,""width"":1039,""height"":363}","{""type"":""pipe"",""image_quality"":{""good"":true,""frontal"":true,""good_illumination"":true},""pipe"":""pipe""}"
pipe_65.jpg,183529,"{""caption"":"""",""public_domain"":""no"",""image_url"":""""}",1,0,"{""name"":""rect"",""x"":138,""y"":519,""width"":1050,""height"":352}","{""type"":""pipe"",""image_quality"":{""good"":true,""frontal"":true,""good_illumination"":true},""pipe"":""pipe""}"
pipe_66.jpg,163784,"{""caption"":"""",""public_domain"":""no"",""image_url"":""""}",1,0,"{""name"":""rect"",""x"":228,""y"":530,""width"":1013,""height"":317}","{""type"":""pipe"",""image_quality"":{""good"":true,""frontal"":true,""good_illumination"":true},""pipe"":""pipe""}"
pipe_67.jpg,176372,"{""caption"":"""",""public_domain"":""no"",""image_url"":""""}",1,0,"{""name"":""rect"",""x"":205,""y"":545,""width"":1008,""height"":300}","{""type"":""pipe"",""image_quality"":{""good"":true,""frontal"":true,""good_illumination"":true},""pipe"":""pipe""}"
pipe_68.jpg,193050,"{""caption"":"""",""public_domain"":""no"",""image_url"":""""}",1,0,"{""name"":""rect"",""x"":163,""y"":540,""width"":981,""height"":304}","{""type"":""pipe"",""image_quality"":{""good"":true,""frontal"":true,""good_illumination"":true},""pipe"":""pipe""}"
pipe_69.jpg,194162,"{""caption"":"""",""public_domain"":""no"",""image_url"":""""}",1,0,"{""name"":""rect"",""x"":186,""y"":506,""width"":1002,""height"":321}","{""type"":""pipe"",""image_quality"":{""good"":true,""frontal"":true,""good_illumination"":true},""pipe"":""pipe""}"
pipe_70.jpg,192326,"{""caption"":"""",""public_domain"":""no"",""image_url"":""""}",1,0,"{""name"":""rect"",""x"":213,""y"":529,""width"":960,""height"":299}","{""type"":""pipe"",""image_quality"":{""good"":true,""frontal"":true,""good_illumination"":true},""pipe"":""pipe""}"
pipe_71.jpg,180645,"{""caption"":"""",""public_domain"":""no"",""image_url"":""""}",1,0,"{""name"":""rect"",""x"":160,""y"":513,""width"":966,""height"":317}","{""type"":""pipe"",""image_quality"":{""good"":true,""frontal"":true,""good_illumination"":true},""pipe"":""pipe""}"
pipe_72.jpg,200448,"{""caption"":"""",""public_domain"":""no"",""image_url"":""""}",1,0,"{""name"":""rect"",""x"":114,""y"":524,""width"":984,""height"":313}","{""type"":""pipe"",""image_quality"":{""good"":true,""frontal"":true,""good_illumination"":true},""pipe"":""pipe""}"
pipe_73.jpg,215388,"{""caption"":"""",""public_domain"":""no"",""image_url"":""""}",1,0,"{""name"":""rect"",""x"":87,""y"":544,""width"":963,""height"":303}","{""type"":""pipe"",""image_quality"":{""good"":true,""frontal"":true,""good_illumination"":true},""pipe"":""pipe""}"
pipe_74.jpg,192841,"{""caption"":"""",""public_domain"":""no"",""image_url"":""""}",1,0,"{""name"":""rect"",""x"":110,""y"":529,""width"":970,""height"":299}","{""type"":""pipe"",""image_quality"":{""good"":true,""frontal"":true,""good_illumination"":true},""pipe"":""pipe""}"
pipe_75.jpg,181698,"{""caption"":"""",""public_domain"":""no"",""image_url"":""""}",1,0,"{""name"":""rect"",""x"":174,""y"":519,""width"":944,""height"":292}","{""type"":""pipe"",""image_quality"":{""good"":true,""frontal"":true,""good_illumination"":true},""pipe"":""pipe""}"
pipe_76.jpg,186031,"{""caption"":"""",""public_domain"":""no"",""image_url"":""""}",1,0,"{""name"":""rect"",""x"":245,""y"":492,""width"":899,""height"":269}","{""type"":""pipe"",""image_quality"":{""good"":true,""frontal"":true,""good_illumination"":true},""pipe"":""pipe""}"
pipe_77.jpg,194405,"{""caption"":"""",""public_domain"":""no"",""image_url"":""""}",1,0,"{""name"":""rect"",""x"":280,""y"":453,""width"":852,""height"":269}","{""type"":""pipe"",""image_quality"":{""good"":true,""frontal"":true,""good_illumination"":true},""pipe"":""pipe""}"
pipe_78.jpg,231299,"{""caption"":"""",""public_domain"":""no"",""image_url"":""""}",1,0,"{""name"":""rect"",""x"":304,""y"":411,""width"":831,""height"":266}","{""type"":""pipe"",""image_quality"":{""good"":true,""frontal"":true,""good_illumination"":true},""pipe"":""pipe""}"
pipe_79.jpg,236815,"{""caption"":"""",""public_domain"":""no"",""image_url"":""""}",1,0,"{""name"":""rect"",""x"":320,""y"":415,""width"":808,""height"":258}","{""type"":""pipe"",""image_quality"":{""good"":true,""frontal"":true,""good_illumination"":true},""pipe"":""pipe""}"
pipe_80.jpg,187471,"{""caption"":"""",""public_domain"":""no"",""image_url"":""""}",1,0,"{""name"":""rect"",""x"":308,""y"":508,""width"":826,""height"":251}","{""type"":""pipe"",""image_quality"":{""good"":true,""frontal"":true,""good_illumination"":true},""pipe"":""pipe""}"
pipe_81.jpg,177890,"{""caption"":"""",""public_domain"":""no"",""image_url"":""""}",1,0,"{""name"":""rect"",""x"":257,""y"":572,""width"":920,""height"":310}","{""type"":""pipe"",""image_quality"":{""good"":true,""frontal"":true,""good_illumination"":true},""pipe"":""pipe""}"
pipe_82.jpg,162274,"{""caption"":"""",""public_domain"":""no"",""image_url"":""""}",1,0,"{""name"":""rect"",""x"":250,""y"":604,""width"":930,""height"":317}","{""type"":""pipe"",""image_quality"":{""good"":true,""frontal"":true,""good_illumination"":true},""pipe"":""pipe""}"
pipe_83.jpg,171166,"{""caption"":"""",""public_domain"":""no"",""image_url"":""""}",1,0,"{""name"":""rect"",""x"":234,""y"":644,""width"":942,""height"":325}","{""type"":""pipe"",""image_quality"":{""good"":true,""frontal"":true,""good_illumination"":true},""pipe"":""pipe""}"
pipe_84.jpg,169019,"{""caption"":"""",""public_domain"":""no"",""image_url"":""""}",1,0,"{""name"":""rect"",""x"":230,""y"":655,""width"":935,""height"":327}","{""type"":""pipe"",""image_quality"":{""good"":true,""frontal"":true,""good_illumination"":true},""pipe"":""pipe""}"
pipe_85.jpg,177864,"{""caption"":"""",""public_domain"":""no"",""image_url"":""""}",1,0,"{""name"":""rect"",""x"":258,""y"":547,""width"":1007,""height"":348}","{""type"":""pipe"",""image_quality"":{""good"":true,""frontal"":true,""good_illumination"":true},""pipe"":""pipe""}"
pipe_86.jpg,178839,"{""caption"":"""",""public_domain"":""no"",""image_url"":""""}",1,0,"{""name"":""rect"",""x"":255,""y"":540,""width"":994,""height"":355}","{""type"":""pipe"",""image_quality"":{""good"":true,""frontal"":true,""good_illumination"":true},""pipe"":""pipe""}"
pipe_87.jpg,178629,"{""caption"":"""",""public_domain"":""no"",""image_url"":""""}",1,0,"{""name"":""rect"",""x"":236,""y"":533,""width"":998,""height"":359}","{""type"":""pipe"",""image_quality"":{""good"":true,""frontal"":true,""good_illumination"":true},""pipe"":""pipe""}"
pipe_88.jpg,155540,"{""caption"":"""",""public_domain"":""no"",""image_url"":""""}",1,0,"{""name"":""rect"",""x"":294,""y"":502,""width"":972,""height"":358}","{""type"":""pipe"",""image_quality"":{""good"":true,""frontal"":true,""good_illumination"":true},""pipe"":""pipe""}"
pipe_89.jpg,161160,"{""caption"":"""",""public_domain"":""no"",""image_url"":""""}",1,0,"{""name"":""rect"",""x"":313,""y"":496,""width"":962,""height"":380}","{""type"":""pipe"",""image_quality"":{""good"":true,""frontal"":true,""good_illumination"":true},""pipe"":""pipe""}"
pipe_90.jpg,188696,"{""caption"":"""",""public_domain"":""no"",""image_url"":""""}",1,0,"{""name"":""rect"",""x"":280,""y"":405,""width"":799,""height"":328}","{""type"":""pipe"",""image_quality"":{""good"":true,""frontal"":true,""good_illumination"":true},""pipe"":""pipe""}"
pipe_91.jpg,205432,"{""caption"":"""",""public_domain"":""no"",""image_url"":""""}",1,0,"{""name"":""rect"",""x"":321,""y"":414,""width"":751,""height"":303}","{""type"":""pipe"",""image_quality"":{""good"":true,""frontal"":true,""good_illumination"":true},""pipe"":""pipe""}"
pipe_92.jpg,206290,"{""caption"":"""",""public_domain"":""no"",""image_url"":""""}",1,0,"{""name"":""rect"",""x"":388,""y"":387,""width"":729,""height"":290}","{""type"":""pipe"",""image_quality"":{""good"":true,""frontal"":true,""good_illumination"":true},""pipe"":""pipe""}"
pipe_93.jpg,216691,"{""caption"":"""",""public_domain"":""no"",""image_url"":""""}",1,0,"{""name"":""rect"",""x"":425,""y"":388,""width"":711,""height"":276}","{""type"":""pipe"",""image_quality"":{""good"":true,""frontal"":true,""good_illumination"":true},""pipe"":""pipe""}"
pipe_94.jpg,214755,"{""caption"":"""",""public_domain"":""no"",""image_url"":""""}",1,0,"{""name"":""rect"",""x"":412,""y"":384,""width"":718,""height"":290}","{""type"":""pipe"",""image_quality"":{""good"":true,""frontal"":true,""good_illumination"":true},""pipe"":""pipe""}"
pipe_95.jpg,207351,"{""caption"":"""",""public_domain"":""no"",""image_url"":""""}",1,0,"{""name"":""rect"",""x"":390,""y"":384,""width"":749,""height"":311}","{""type"":""pipe"",""image_quality"":{""good"":true,""frontal"":true,""good_illumination"":true},""pipe"":""pipe""}"
pipe_96.jpg,209374,"{""caption"":"""",""public_domain"":""no"",""image_url"":""""}",1,0,"{""name"":""rect"",""x"":387,""y"":421,""width"":757,""height"":300}","{""type"":""pipe"",""image_quality"":{""good"":true,""frontal"":true,""good_illumination"":true},""pipe"":""pipe""}"
pipe_97.jpg,196406,"{""caption"":"""",""public_domain"":""no"",""image_url"":""""}",1,0,"{""name"":""rect"",""x"":388,""y"":416,""width"":777,""height"":328}","{""type"":""pipe"",""image_quality"":{""good"":true,""frontal"":true,""good_illumination"":true},""pipe"":""pipe""}"
pipe_98.jpg,208094,"{""caption"":"""",""public_domain"":""no"",""image_url"":""""}",1,0,"{""name"":""rect"",""x"":381,""y"":429,""width"":758,""height"":323}","{""type"":""pipe"",""image_quality"":{""good"":true,""frontal"":true,""good_illumination"":true},""pipe"":""pipe""}"
pipe_99.jpg,199419,"{""caption"":"""",""public_domain"":""no"",""image_url"":""""}",1,0,"{""name"":""rect"",""x"":381,""y"":444,""width"":795,""height"":317}","{""type"":""pipe"",""image_quality"":{""good"":true,""frontal"":true,""good_illumination"":true},""pipe"":""pipe""}"
pipe_100.jpg,194502,"{""caption"":"""",""public_domain"":""no"",""image_url"":""""}",1,0,"{""name"":""rect"",""x"":350,""y"":446,""width"":810,""height"":315}","{""type"":""pipe"",""image_quality"":{""good"":true,""frontal"":true,""good_illumination"":true},""pipe"":""pipe""}"