{"info":{"year":2022,"version":"1.0","description":"VIA project exported to COCO format using VGG Image Annotator (http://www.robots.ox.ac.uk/~vgg/software/via/)","contributor":"","url":"http://www.robots.ox.ac.uk/~vgg/software/via/","date_created":"Tue Nov 15 2022 23:59:24 GMT+0100 (Central European Standard Time)"},"images":[{"id":1,"width":1280,"height":1280,"file_name":"pipe_1.jpg","license":0,"date_captured":""},{"id":2,"width":750,"height":998,"file_name":"pipe_2.jpg","license":0,"date_captured":""},{"id":3,"width":1280,"height":1280,"file_name":"pipe_3.jpg","license":0,"date_captured":""},{"id":4,"width":750,"height":1000,"file_name":"pipe_4.jpg","license":0,"date_captured":""},{"id":5,"width":750,"height":998,"file_name":"pipe_5.jpg","license":0,"date_captured":""},{"id":6,"width":750,"height":998,"file_name":"pipe_6.jpg","license":0,"date_captured":""},{"id":7,"width":1280,"height":1280,"file_name":"pipe_7.jpg","license":0,"date_captured":""},{"id":8,"width":750,"height":1000,"file_name":"pipe_8.jpg","license":0,"date_captured":""},{"id":9,"width":1280,"height":1280,"file_name":"pipe_9.jpg","license":0,"date_captured":""},{"id":10,"width":750,"height":998,"file_name":"pipe_10.jpg","license":0,"date_captured":""},{"id":11,"width":750,"height":998,"file_name":"pipe_11.jpg","license":0,"date_captured":""},{"id":12,"width":1280,"height":1280,"file_name":"pipe_12.jpg","license":0,"date_captured":""},{"id":13,"width":1280,"height":1280,"file_name":"pipe_13.jpg","license":0,"date_captured":""},{"id":14,"width":1280,"height":1280,"file_name":"pipe_14.jpg","license":0,"date_captured":""},{"id":15,"width":1280,"height":1280,"file_name":"pipe_15.jpg","license":0,"date_captured":""},{"id":16,"width":1280,"height":1280,"file_name":"pipe_16.jpg","license":0,"date_captured":""},{"id":17,"width":1280,"height":1280,"file_name":"pipe_17.jpg","license":0,"date_captured":""},{"id":18,"width":1280,"height":1280,"file_name":"pipe_18.jpg","license":0,"date_captured":""},{"id":19,"width":1280,"height":1280,"file_name":"pipe_19.jpg","license":0,"date_captured":""},{"id":20,"width":1280,"height":1280,"file_name":"pipe_20.jpg","license":0,"date_captured":""},{"id":21,"width":1280,"height":1280,"file_name":"pipe_21.jpg","license":0,"date_captured":""},{"id":22,"width":1280,"height":1280,"file_name":"pipe_22.jpg","license":0,"date_captured":""},{"id":23,"width":1280,"height":1280,"file_name":"pipe_23.jpg","license":0,"date_captured":""},{"id":24,"width":1280,"height":1280,"file_name":"pipe_24.jpg","license":0,"date_captured":""},{"id":25,"width":1280,"height":1280,"file_name":"pipe_25.jpg","license":0,"date_captured":""},{"id":26,"width":1280,"height":1280,"file_name":"pipe_26.jpg","license":0,"date_captured":""},{"id":27,"width":1280,"height":1280,"file_name":"pipe_27.jpg","license":0,"date_captured":""},{"id":28,"width":1280,"height":1280,"file_name":"pipe_28.jpg","license":0,"date_captured":""},{"id":29,"width":1280,"height":1280,"file_name":"pipe_29.jpg","license":0,"date_captured":""},{"id":30,"width":1280,"height":1280,"file_name":"pipe_30.jpg","license":0,"date_captured":""},{"id":31,"width":1280,"height":1280,"file_name":"pipe_31.jpg","license":0,"date_captured":""},{"id":32,"width":1280,"height":1280,"file_name":"pipe_32.jpg","license":0,"date_captured":""},{"id":33,"width":1280,"height":1280,"file_name":"pipe_33.jpg","license":0,"date_captured":""},{"id":34,"width":1280,"height":1280,"file_name":"pipe_34.jpg","license":0,"date_captured":""},{"id":35,"width":1280,"height":1280,"file_name":"pipe_35.jpg","license":0,"date_captured":""},{"id":36,"width":1280,"height":1280,"file_name":"pipe_36.jpg","license":0,"date_captured":""},{"id":37,"width":1280,"height":1280,"file_name":"pipe_37.jpg","license":0,"date_captured":""},{"id":38,"width":1280,"height":1280,"file_name":"pipe_38.jpg","license":0,"date_captured":""},{"id":39,"width":1280,"height":1280,"file_name":"pipe_39.jpg","license":0,"date_captured":""},{"id":40,"width":1280,"height":1280,"file_name":"pipe_40.jpg","license":0,"date_captured":""},{"id":41,"width":1280,"height":1280,"file_name":"pipe_41.jpg","license":0,"date_captured":""},{"id":42,"width":1280,"height":1280,"file_name":"pipe_42.jpg","license":0,"date_captured":""},{"id":43,"width":1280,"height":1280,"file_name":"pipe_43.jpg","license":0,"date_captured":""},{"id":44,"width":1280,"height":1280,"file_name":"pipe_44.jpg","license":0,"date_captured":""},{"id":45,"width":1280,"height":1280,"file_name":"pipe_45.jpg","license":0,"date_captured":""},{"id":46,"width":1280,"height":1280,"file_name":"pipe_46.jpg","license":0,"date_captured":""},{"id":47,"width":1280,"height":1280,"file_name":"pipe_47.jpg","license":0,"date_captured":""},{"id":48,"width":1280,"height":1280,"file_name":"pipe_48.jpg","license":0,"date_captured":""},{"id":49,"width":1280,"height":1280,"file_name":"pipe_49.jpg","license":0,"date_captured":""},{"id":50,"width":1280,"height":1280,"file_name":"pipe_50.jpg","license":0,"date_captured":""},{"id":51,"width":1280,"height":1280,"file_name":"pipe_51.jpg","license":0,"date_captured":""},{"id":52,"width":1280,"height":1280,"file_name":"pipe_52.jpg","license":0,"date_captured":""},{"id":53,"width":1280,"height":1280,"file_name":"pipe_53.jpg","license":0,"date_captured":""},{"id":54,"width":1280,"height":1280,"file_name":"pipe_54.jpg","license":0,"date_captured":""},{"id":55,"width":1280,"height":1280,"file_name":"pipe_55.jpg","license":0,"date_captured":""},{"id":56,"width":1280,"height":1280,"file_name":"pipe_56.jpg","license":0,"date_captured":""},{"id":57,"width":1280,"height":1280,"file_name":"pipe_57.jpg","license":0,"date_captured":""},{"id":58,"width":1280,"height":1280,"file_name":"pipe_58.jpg","license":0,"date_captured":""},{"id":59,"width":1280,"height":1280,"file_name":"pipe_59.jpg","license":0,"date_captured":""},{"id":60,"width":1280,"height":1280,"file_name":"pipe_60.jpg","license":0,"date_captured":""},{"id":61,"width":1280,"height":1280,"file_name":"pipe_61.jpg","license":0,"date_captured":""},{"id":62,"width":1280,"height":1280,"file_name":"pipe_62.jpg","license":0,"date_captured":""},{"id":63,"width":1280,"height":1280,"file_name":"pipe_63.jpg","license":0,"date_captured":""},{"id":64,"width":1280,"height":1280,"file_name":"pipe_64.jpg","license":0,"date_captured":""},{"id":65,"width":1280,"height":1280,"file_name":"pipe_65.jpg","license":0,"date_captured":""},{"id":66,"width":1280,"height":1280,"file_name":"pipe_66.jpg","license":0,"date_captured":""},{"id":67,"width":1280,"height":1280,"file_name":"pipe_67.jpg","license":0,"date_captured":""},{"id":68,"width":1280,"height":1280,"file_name":"pipe_68.jpg","license":0,"date_captured":""},{"id":69,"width":1280,"height":1280,"file_name":"pipe_69.jpg","license":0,"date_captured":""},{"id":70,"width":1280,"height":1280,"file_name":"pipe_70.jpg","license":0,"date_captured":""},{"id":71,"width":1280,"height":1280,"file_name":"pipe_71.jpg","license":0,"date_captured":""},{"id":72,"width":1280,"height":1280,"file_name":"pipe_72.jpg","license":0,"date_captured":""},{"id":73,"width":1280,"height":1280,"file_name":"pipe_73.jpg","license":0,"date_captured":""},{"id":74,"width":1280,"height":1280,"file_name":"pipe_74.jpg","license":0,"date_captured":""},{"id":75,"width":1280,"height":1280,"file_name":"pipe_75.jpg","license":0,"date_captured":""},{"id":76,"width":1280,"height":1280,"file_name":"pipe_76.jpg","license":0,"date_captured":""},{"id":77,"width":1280,"height":1280,"file_name":"pipe_77.jpg","license":0,"date_captured":""},{"id":78,"width":1280,"height":1280,"file_name":"pipe_78.jpg","license":0,"date_captured":""},{"id":79,"width":1280,"height":1280,"file_name":"pipe_79.jpg","license":0,"date_captured":""},{"id":80,"width":1280,"height":1280,"file_name":"pipe_80.jpg","license":0,"date_captured":""},{"id":81,"width":1280,"height":1280,"file_name":"pipe_81.jpg","license":0,"date_captured":""},{"id":82,"width":1280,"height":1280,"file_name":"pipe_82.jpg","license":0,"date_captured":""},{"id":83,"width":1280,"height":1280,"file_name":"pipe_83.jpg","license":0,"date_captured":""},{"id":84,"width":1280,"height":1280,"file_name":"pipe_84.jpg","license":0,"date_captured":""},{"id":85,"width":1280,"height":1280,"file_name":"pipe_85.jpg","license":0,"date_captured":""},{"id":86,"width":1280,"height":1280,"file_name":"pipe_86.jpg","license":0,"date_captured":""},{"id":87,"width":1280,"height":1280,"file_name":"pipe_87.jpg","license":0,"date_captured":""},{"id":88,"width":1280,"height":1280,"file_name":"pipe_88.jpg","license":0,"date_captured":""},{"id":89,"width":1280,"height":1280,"file_name":"pipe_89.jpg","license":0,"date_captured":""},{"id":90,"width":1280,"height":1280,"file_name":"pipe_90.jpg","license":0,"date_captured":""},{"id":91,"width":1280,"height":1280,"file_name":"pipe_91.jpg","license":0,"date_captured":""},{"id":92,"width":1280,"height":1280,"file_name":"pipe_92.jpg","license":0,"date_captured":""},{"id":93,"width":1280,"height":1280,"file_name":"pipe_93.jpg","license":0,"date_captured":""},{"id":94,"width":1280,"height":1280,"file_name":"pipe_94.jpg","license":0,"date_captured":""},{"id":95,"width":1280,"height":1280,"file_name":"pipe_95.jpg","license":0,"date_captured":""},{"id":96,"width":1280,"height":1280,"file_name":"pipe_96.jpg","license":0,"date_captured":""},{"id":97,"width":1280,"height":1280,"file_name":"pipe_97.jpg","license":0,"date_captured":""},{"id":98,"width":1280,"height":1280,"file_name":"pipe_98.jpg","license":0,"date_captured":""},{"id":99,"width":1280,"height":1280,"file_name":"pipe_99.jpg","license":0,"date_captured":""},{"id":100,"width":1280,"height":1280,"file_name":"pipe_100.jpg","license":0,"date_captured":""}],"annotations":[{"segmentation":[[476,619,848,619,848,799,476,799]],"area":66960,"bbox":[476,619,372,180],"iscrowd":0,"id":1,"image_id":1,"category_id":1},{"segmentation":[[476,619,848,619,848,799,476,799]],"area":66960,"bbox":[476,619,372,180],"iscrowd":0,"id":1,"image_id":1,"category_id":1},{"segmentation":[[60,576,231,576,231,726,60,726]],"area":25650,"bbox":[60,576,171,150],"iscrowd":0,"id":3,"image_id":2,"category_id":1},{"segmentation":[[60,576,231,576,231,726,60,726]],"area":25650,"bbox":[60,576,171,150],"iscrowd":0,"id":3,"image_id":2,"category_id":1},{"segmentation":[[640,513,871,513,871,927,640,927]],"area":95634,"bbox":[640,513,231,414],"iscrowd":0,"id":5,"image_id":3,"category_id":1},{"segmentation":[[640,513,871,513,871,927,640,927]],"area":95634,"bbox":[640,513,231,414],"iscrowd":0,"id":5,"image_id":3,"category_id":1},{"segmentation":[[241,500,503,500,503,760,241,760]],"area":68120,"bbox":[241,500,262,260],"iscrowd":0,"id":7,"image_id":4,"category_id":1},{"segmentation":[[241,500,503,500,503,760,241,760]],"area":68120,"bbox":[241,500,262,260],"iscrowd":0,"id":7,"image_id":4,"category_id":1},{"segmentation":[[18,578,193,578,193,764,18,764]],"area":32550,"bbox":[18,578,175,186],"iscrowd":0,"id":9,"image_id":5,"category_id":1},{"segmentation":[[18,578,193,578,193,764,18,764]],"area":32550,"bbox":[18,578,175,186],"iscrowd":0,"id":9,"image_id":5,"category_id":1},{"segmentation":[[512,543,714,543,714,698,512,698]],"area":31310,"bbox":[512,543,202,155],"iscrowd":0,"id":11,"image_id":6,"category_id":1},{"segmentation":[[512,543,714,543,714,698,512,698]],"area":31310,"bbox":[512,543,202,155],"iscrowd":0,"id":11,"image_id":6,"category_id":1},{"segmentation":[[420,782,723,782,723,1075,420,1075]],"area":88779,"bbox":[420,782,303,293],"iscrowd":0,"id":13,"image_id":7,"category_id":1},{"segmentation":[[420,782,723,782,723,1075,420,1075]],"area":88779,"bbox":[420,782,303,293],"iscrowd":0,"id":13,"image_id":7,"category_id":1},{"segmentation":[[295,324,512,324,512,561,295,561]],"area":51429,"bbox":[295,324,217,237],"iscrowd":0,"id":15,"image_id":8,"category_id":1},{"segmentation":[[295,324,512,324,512,561,295,561]],"area":51429,"bbox":[295,324,217,237],"iscrowd":0,"id":15,"image_id":8,"category_id":1},{"segmentation":[[403,699,753,699,753,991,403,991]],"area":102200,"bbox":[403,699,350,292],"iscrowd":0,"id":17,"image_id":9,"category_id":1},{"segmentation":[[403,699,753,699,753,991,403,991]],"area":102200,"bbox":[403,699,350,292],"iscrowd":0,"id":17,"image_id":9,"category_id":1},{"segmentation":[[1,526,174,526,174,678,1,678]],"area":26296,"bbox":[1,526,173,152],"iscrowd":0,"id":19,"image_id":10,"category_id":1},{"segmentation":[[1,526,174,526,174,678,1,678]],"area":26296,"bbox":[1,526,173,152],"iscrowd":0,"id":19,"image_id":10,"category_id":1},{"segmentation":[[489,539,696,539,696,698,489,698]],"area":32913,"bbox":[489,539,207,159],"iscrowd":0,"id":21,"image_id":11,"category_id":1},{"segmentation":[[489,539,696,539,696,698,489,698]],"area":32913,"bbox":[489,539,207,159],"iscrowd":0,"id":21,"image_id":11,"category_id":1},{"segmentation":[[484,621,827,621,827,786,484,786]],"area":56595,"bbox":[484,621,343,165],"iscrowd":0,"id":23,"image_id":12,"category_id":1},{"segmentation":[[484,621,827,621,827,786,484,786]],"area":56595,"bbox":[484,621,343,165],"iscrowd":0,"id":23,"image_id":12,"category_id":1},{"segmentation":[[490,632,827,632,827,803,490,803]],"area":57627,"bbox":[490,632,337,171],"iscrowd":0,"id":25,"image_id":13,"category_id":1},{"segmentation":[[490,632,827,632,827,803,490,803]],"area":57627,"bbox":[490,632,337,171],"iscrowd":0,"id":25,"image_id":13,"category_id":1},{"segmentation":[[504,628,829,628,829,789,504,789]],"area":52325,"bbox":[504,628,325,161],"iscrowd":0,"id":27,"image_id":14,"category_id":1},{"segmentation":[[504,628,829,628,829,789,504,789]],"area":52325,"bbox":[504,628,325,161],"iscrowd":0,"id":27,"image_id":14,"category_id":1},{"segmentation":[[500,625,847,625,847,781,500,781]],"area":54132,"bbox":[500,625,347,156],"iscrowd":0,"id":29,"image_id":15,"category_id":1},{"segmentation":[[500,625,847,625,847,781,500,781]],"area":54132,"bbox":[500,625,347,156],"iscrowd":0,"id":29,"image_id":15,"category_id":1},{"segmentation":[[464,612,664,612,664,905,464,905]],"area":58600,"bbox":[464,612,200,293],"iscrowd":0,"id":31,"image_id":16,"category_id":1},{"segmentation":[[464,612,664,612,664,905,464,905]],"area":58600,"bbox":[464,612,200,293],"iscrowd":0,"id":31,"image_id":16,"category_id":1},{"segmentation":[[473,603,681,603,681,896,473,896]],"area":60944,"bbox":[473,603,208,293],"iscrowd":0,"id":33,"image_id":17,"category_id":1},{"segmentation":[[473,603,681,603,681,896,473,896]],"area":60944,"bbox":[473,603,208,293],"iscrowd":0,"id":33,"image_id":17,"category_id":1},{"segmentation":[[473,597,689,597,689,909,473,909]],"area":67392,"bbox":[473,597,216,312],"iscrowd":0,"id":35,"image_id":18,"category_id":1},{"segmentation":[[473,597,689,597,689,909,473,909]],"area":67392,"bbox":[473,597,216,312],"iscrowd":0,"id":35,"image_id":18,"category_id":1},{"segmentation":[[472,603,691,603,691,909,472,909]],"area":67014,"bbox":[472,603,219,306],"iscrowd":0,"id":37,"image_id":19,"category_id":1},{"segmentation":[[472,603,691,603,691,909,472,909]],"area":67014,"bbox":[472,603,219,306],"iscrowd":0,"id":37,"image_id":19,"category_id":1},{"segmentation":[[473,607,688,607,688,908,473,908]],"area":64715,"bbox":[473,607,215,301],"iscrowd":0,"id":39,"image_id":20,"category_id":1},{"segmentation":[[473,607,688,607,688,908,473,908]],"area":64715,"bbox":[473,607,215,301],"iscrowd":0,"id":39,"image_id":20,"category_id":1},{"segmentation":[[475,608,694,608,694,904,475,904]],"area":64824,"bbox":[475,608,219,296],"iscrowd":0,"id":41,"image_id":21,"category_id":1},{"segmentation":[[475,608,694,608,694,904,475,904]],"area":64824,"bbox":[475,608,219,296],"iscrowd":0,"id":41,"image_id":21,"category_id":1},{"segmentation":[[471,592,687,592,687,899,471,899]],"area":66312,"bbox":[471,592,216,307],"iscrowd":0,"id":43,"image_id":22,"category_id":1},{"segmentation":[[471,592,687,592,687,899,471,899]],"area":66312,"bbox":[471,592,216,307],"iscrowd":0,"id":43,"image_id":22,"category_id":1},{"segmentation":[[462,619,721,619,721,876,462,876]],"area":66563,"bbox":[462,619,259,257],"iscrowd":0,"id":45,"image_id":23,"category_id":1},{"segmentation":[[462,619,721,619,721,876,462,876]],"area":66563,"bbox":[462,619,259,257],"iscrowd":0,"id":45,"image_id":23,"category_id":1},{"segmentation":[[475,623,712,623,712,885,475,885]],"area":62094,"bbox":[475,623,237,262],"iscrowd":0,"id":47,"image_id":24,"category_id":1},{"segmentation":[[475,623,712,623,712,885,475,885]],"area":62094,"bbox":[475,623,237,262],"iscrowd":0,"id":47,"image_id":24,"category_id":1},{"segmentation":[[325,573,672,573,672,755,325,755]],"area":63154,"bbox":[325,573,347,182],"iscrowd":0,"id":49,"image_id":25,"category_id":1},{"segmentation":[[325,573,672,573,672,755,325,755]],"area":63154,"bbox":[325,573,347,182],"iscrowd":0,"id":49,"image_id":25,"category_id":1},{"segmentation":[[490,608,724,608,724,914,490,914]],"area":71604,"bbox":[490,608,234,306],"iscrowd":0,"id":51,"image_id":26,"category_id":1},{"segmentation":[[490,608,724,608,724,914,490,914]],"area":71604,"bbox":[490,608,234,306],"iscrowd":0,"id":51,"image_id":26,"category_id":1},{"segmentation":[[739,681,1078,681,1078,927,739,927]],"area":83394,"bbox":[739,681,339,246],"iscrowd":0,"id":53,"image_id":27,"category_id":1},{"segmentation":[[739,681,1078,681,1078,927,739,927]],"area":83394,"bbox":[739,681,339,246],"iscrowd":0,"id":53,"image_id":27,"category_id":1},{"segmentation":[[705,676,1039,676,1039,918,705,918]],"area":80828,"bbox":[705,676,334,242],"iscrowd":0,"id":55,"image_id":28,"category_id":1},{"segmentation":[[705,676,1039,676,1039,918,705,918]],"area":80828,"bbox":[705,676,334,242],"iscrowd":0,"id":55,"image_id":28,"category_id":1},{"segmentation":[[696,681,1062,681,1062,889,696,889]],"area":76128,"bbox":[696,681,366,208],"iscrowd":0,"id":57,"image_id":29,"category_id":1},{"segmentation":[[696,681,1062,681,1062,889,696,889]],"area":76128,"bbox":[696,681,366,208],"iscrowd":0,"id":57,"image_id":29,"category_id":1},{"segmentation":[[707,749,1070,749,1070,927,707,927]],"area":64614,"bbox":[707,749,363,178],"iscrowd":0,"id":59,"image_id":30,"category_id":1},{"segmentation":[[707,749,1070,749,1070,927,707,927]],"area":64614,"bbox":[707,749,363,178],"iscrowd":0,"id":59,"image_id":30,"category_id":1},{"segmentation":[[680,729,1067,729,1067,908,680,908]],"area":69273,"bbox":[680,729,387,179],"iscrowd":0,"id":61,"image_id":31,"category_id":1},{"segmentation":[[680,729,1067,729,1067,908,680,908]],"area":69273,"bbox":[680,729,387,179],"iscrowd":0,"id":61,"image_id":31,"category_id":1},{"segmentation":[[694,753,1084,753,1084,926,694,926]],"area":67470,"bbox":[694,753,390,173],"iscrowd":0,"id":63,"image_id":32,"category_id":1},{"segmentation":[[694,753,1084,753,1084,926,694,926]],"area":67470,"bbox":[694,753,390,173],"iscrowd":0,"id":63,"image_id":32,"category_id":1},{"segmentation":[[684,757,1040,757,1040,928,684,928]],"area":60876,"bbox":[684,757,356,171],"iscrowd":0,"id":65,"image_id":33,"category_id":1},{"segmentation":[[684,757,1040,757,1040,928,684,928]],"area":60876,"bbox":[684,757,356,171],"iscrowd":0,"id":65,"image_id":33,"category_id":1},{"segmentation":[[491,742,697,742,697,946,491,946]],"area":42024,"bbox":[491,742,206,204],"iscrowd":0,"id":67,"image_id":34,"category_id":1},{"segmentation":[[491,742,697,742,697,946,491,946]],"area":42024,"bbox":[491,742,206,204],"iscrowd":0,"id":67,"image_id":34,"category_id":1},{"segmentation":[[564,753,743,753,743,969,564,969]],"area":38664,"bbox":[564,753,179,216],"iscrowd":0,"id":69,"image_id":35,"category_id":1},{"segmentation":[[564,753,743,753,743,969,564,969]],"area":38664,"bbox":[564,753,179,216],"iscrowd":0,"id":69,"image_id":35,"category_id":1},{"segmentation":[[659,778,810,778,810,994,659,994]],"area":32616,"bbox":[659,778,151,216],"iscrowd":0,"id":71,"image_id":36,"category_id":1},{"segmentation":[[659,778,810,778,810,994,659,994]],"area":32616,"bbox":[659,778,151,216],"iscrowd":0,"id":71,"image_id":36,"category_id":1},{"segmentation":[[717,772,904,772,904,994,717,994]],"area":41514,"bbox":[717,772,187,222],"iscrowd":0,"id":73,"image_id":37,"category_id":1},{"segmentation":[[717,772,904,772,904,994,717,994]],"area":41514,"bbox":[717,772,187,222],"iscrowd":0,"id":73,"image_id":37,"category_id":1},{"segmentation":[[690,764,905,764,905,987,690,987]],"area":47945,"bbox":[690,764,215,223],"iscrowd":0,"id":75,"image_id":38,"category_id":1},{"segmentation":[[690,764,905,764,905,987,690,987]],"area":47945,"bbox":[690,764,215,223],"iscrowd":0,"id":75,"image_id":38,"category_id":1},{"segmentation":[[603,698,787,698,787,925,603,925]],"area":41768,"bbox":[603,698,184,227],"iscrowd":0,"id":77,"image_id":39,"category_id":1},{"segmentation":[[603,698,787,698,787,925,603,925]],"area":41768,"bbox":[603,698,184,227],"iscrowd":0,"id":77,"image_id":39,"category_id":1},{"segmentation":[[548,709,779,709,779,917,548,917]],"area":48048,"bbox":[548,709,231,208],"iscrowd":0,"id":79,"image_id":40,"category_id":1},{"segmentation":[[548,709,779,709,779,917,548,917]],"area":48048,"bbox":[548,709,231,208],"iscrowd":0,"id":79,"image_id":40,"category_id":1},{"segmentation":[[523,736,746,736,746,934,523,934]],"area":44154,"bbox":[523,736,223,198],"iscrowd":0,"id":81,"image_id":41,"category_id":1},{"segmentation":[[523,736,746,736,746,934,523,934]],"area":44154,"bbox":[523,736,223,198],"iscrowd":0,"id":81,"image_id":41,"category_id":1},{"segmentation":[[604,740,827,740,827,941,604,941]],"area":44823,"bbox":[604,740,223,201],"iscrowd":0,"id":83,"image_id":42,"category_id":1},{"segmentation":[[604,740,827,740,827,941,604,941]],"area":44823,"bbox":[604,740,223,201],"iscrowd":0,"id":83,"image_id":42,"category_id":1},{"segmentation":[[600,771,826,771,826,987,600,987]],"area":48816,"bbox":[600,771,226,216],"iscrowd":0,"id":85,"image_id":43,"category_id":1},{"segmentation":[[600,771,826,771,826,987,600,987]],"area":48816,"bbox":[600,771,226,216],"iscrowd":0,"id":85,"image_id":43,"category_id":1},{"segmentation":[[497,597,917,597,917,784,497,784]],"area":78540,"bbox":[497,597,420,187],"iscrowd":0,"id":87,"image_id":44,"category_id":1},{"segmentation":[[497,597,917,597,917,784,497,784]],"area":78540,"bbox":[497,597,420,187],"iscrowd":0,"id":87,"image_id":44,"category_id":1},{"segmentation":[[487,593,886,593,886,813,487,813]],"area":87780,"bbox":[487,593,399,220],"iscrowd":0,"id":89,"image_id":45,"category_id":1},{"segmentation":[[487,593,886,593,886,813,487,813]],"area":87780,"bbox":[487,593,399,220],"iscrowd":0,"id":89,"image_id":45,"category_id":1},{"segmentation":[[479,614,874,614,874,808,479,808]],"area":76630,"bbox":[479,614,395,194],"iscrowd":0,"id":91,"image_id":46,"category_id":1},{"segmentation":[[479,614,874,614,874,808,479,808]],"area":76630,"bbox":[479,614,395,194],"iscrowd":0,"id":91,"image_id":46,"category_id":1},{"segmentation":[[566,641,1002,641,1002,820,566,820]],"area":78044,"bbox":[566,641,436,179],"iscrowd":0,"id":93,"image_id":47,"category_id":1},{"segmentation":[[566,641,1002,641,1002,820,566,820]],"area":78044,"bbox":[566,641,436,179],"iscrowd":0,"id":93,"image_id":47,"category_id":1},{"segmentation":[[570,672,1016,672,1016,852,570,852]],"area":80280,"bbox":[570,672,446,180],"iscrowd":0,"id":95,"image_id":48,"category_id":1},{"segmentation":[[570,672,1016,672,1016,852,570,852]],"area":80280,"bbox":[570,672,446,180],"iscrowd":0,"id":95,"image_id":48,"category_id":1},{"segmentation":[[533,633,998,633,998,812,533,812]],"area":83235,"bbox":[533,633,465,179],"iscrowd":0,"id":97,"image_id":49,"category_id":1},{"segmentation":[[533,633,998,633,998,812,533,812]],"area":83235,"bbox":[533,633,465,179],"iscrowd":0,"id":97,"image_id":49,"category_id":1},{"segmentation":[[534,623,988,623,988,823,534,823]],"area":90800,"bbox":[534,623,454,200],"iscrowd":0,"id":99,"image_id":50,"category_id":1},{"segmentation":[[534,623,988,623,988,823,534,823]],"area":90800,"bbox":[534,623,454,200],"iscrowd":0,"id":99,"image_id":50,"category_id":1},{"segmentation":[[505,553,822,553,822,813,505,813]],"area":82420,"bbox":[505,553,317,260],"iscrowd":0,"id":101,"image_id":51,"category_id":1},{"segmentation":[[505,553,822,553,822,813,505,813]],"area":82420,"bbox":[505,553,317,260],"iscrowd":0,"id":101,"image_id":51,"category_id":1},{"segmentation":[[493,622,888,622,888,797,493,797]],"area":69125,"bbox":[493,622,395,175],"iscrowd":0,"id":103,"image_id":52,"category_id":1},{"segmentation":[[493,622,888,622,888,797,493,797]],"area":69125,"bbox":[493,622,395,175],"iscrowd":0,"id":103,"image_id":52,"category_id":1},{"segmentation":[[527,647,929,647,929,808,527,808]],"area":64722,"bbox":[527,647,402,161],"iscrowd":0,"id":105,"image_id":53,"category_id":1},{"segmentation":[[527,647,929,647,929,808,527,808]],"area":64722,"bbox":[527,647,402,161],"iscrowd":0,"id":105,"image_id":53,"category_id":1},{"segmentation":[[551,676,942,676,942,849,551,849]],"area":67643,"bbox":[551,676,391,173],"iscrowd":0,"id":107,"image_id":54,"category_id":1},{"segmentation":[[551,676,942,676,942,849,551,849]],"area":67643,"bbox":[551,676,391,173],"iscrowd":0,"id":107,"image_id":54,"category_id":1},{"segmentation":[[533,702,910,702,910,863,533,863]],"area":60697,"bbox":[533,702,377,161],"iscrowd":0,"id":109,"image_id":55,"category_id":1},{"segmentation":[[533,702,910,702,910,863,533,863]],"area":60697,"bbox":[533,702,377,161],"iscrowd":0,"id":109,"image_id":55,"category_id":1},{"segmentation":[[518,716,898,716,898,889,518,889]],"area":65740,"bbox":[518,716,380,173],"iscrowd":0,"id":111,"image_id":56,"category_id":1},{"segmentation":[[518,716,898,716,898,889,518,889]],"area":65740,"bbox":[518,716,380,173],"iscrowd":0,"id":111,"image_id":56,"category_id":1},{"segmentation":[[478,696,801,696,801,854,478,854]],"area":51034,"bbox":[478,696,323,158],"iscrowd":0,"id":113,"image_id":57,"category_id":1},{"segmentation":[[478,696,801,696,801,854,478,854]],"area":51034,"bbox":[478,696,323,158],"iscrowd":0,"id":113,"image_id":57,"category_id":1},{"segmentation":[[462,706,806,706,806,864,462,864]],"area":54352,"bbox":[462,706,344,158],"iscrowd":0,"id":115,"image_id":58,"category_id":1},{"segmentation":[[462,706,806,706,806,864,462,864]],"area":54352,"bbox":[462,706,344,158],"iscrowd":0,"id":115,"image_id":58,"category_id":1},{"segmentation":[[494,724,848,724,848,880,494,880]],"area":55224,"bbox":[494,724,354,156],"iscrowd":0,"id":117,"image_id":59,"category_id":1},{"segmentation":[[494,724,848,724,848,880,494,880]],"area":55224,"bbox":[494,724,354,156],"iscrowd":0,"id":117,"image_id":59,"category_id":1},{"segmentation":[[367,655,591,655,591,925,367,925]],"area":60480,"bbox":[367,655,224,270],"iscrowd":0,"id":119,"image_id":60,"category_id":1},{"segmentation":[[367,655,591,655,591,925,367,925]],"area":60480,"bbox":[367,655,224,270],"iscrowd":0,"id":119,"image_id":60,"category_id":1},{"segmentation":[[362,661,556,661,556,940,362,940]],"area":54126,"bbox":[362,661,194,279],"iscrowd":0,"id":121,"image_id":61,"category_id":1},{"segmentation":[[362,661,556,661,556,940,362,940]],"area":54126,"bbox":[362,661,194,279],"iscrowd":0,"id":121,"image_id":61,"category_id":1},{"segmentation":[[359,665,557,665,557,944,359,944]],"area":55242,"bbox":[359,665,198,279],"iscrowd":0,"id":123,"image_id":62,"category_id":1},{"segmentation":[[359,665,557,665,557,944,359,944]],"area":55242,"bbox":[359,665,198,279],"iscrowd":0,"id":123,"image_id":62,"category_id":1},{"segmentation":[[367,695,569,695,569,968,367,968]],"area":55146,"bbox":[367,695,202,273],"iscrowd":0,"id":125,"image_id":63,"category_id":1},{"segmentation":[[367,695,569,695,569,968,367,968]],"area":55146,"bbox":[367,695,202,273],"iscrowd":0,"id":125,"image_id":63,"category_id":1},{"segmentation":[[359,677,574,677,574,958,359,958]],"area":60415,"bbox":[359,677,215,281],"iscrowd":0,"id":127,"image_id":64,"category_id":1},{"segmentation":[[359,677,574,677,574,958,359,958]],"area":60415,"bbox":[359,677,215,281],"iscrowd":0,"id":127,"image_id":64,"category_id":1},{"segmentation":[[366,691,585,691,585,964,366,964]],"area":59787,"bbox":[366,691,219,273],"iscrowd":0,"id":129,"image_id":65,"category_id":1},{"segmentation":[[366,691,585,691,585,964,366,964]],"area":59787,"bbox":[366,691,219,273],"iscrowd":0,"id":129,"image_id":65,"category_id":1},{"segmentation":[[388,674,583,674,583,951,388,951]],"area":54015,"bbox":[388,674,195,277],"iscrowd":0,"id":131,"image_id":66,"category_id":1},{"segmentation":[[388,674,583,674,583,951,388,951]],"area":54015,"bbox":[388,674,195,277],"iscrowd":0,"id":131,"image_id":66,"category_id":1},{"segmentation":[[383,673,587,673,587,943,383,943]],"area":55080,"bbox":[383,673,204,270],"iscrowd":0,"id":133,"image_id":67,"category_id":1},{"segmentation":[[383,673,587,673,587,943,383,943]],"area":55080,"bbox":[383,673,204,270],"iscrowd":0,"id":133,"image_id":67,"category_id":1},{"segmentation":[[362,673,590,673,590,954,362,954]],"area":64068,"bbox":[362,673,228,281],"iscrowd":0,"id":135,"image_id":68,"category_id":1},{"segmentation":[[362,673,590,673,590,954,362,954]],"area":64068,"bbox":[362,673,228,281],"iscrowd":0,"id":135,"image_id":68,"category_id":1},{"segmentation":[[407,687,608,687,608,955,407,955]],"area":53868,"bbox":[407,687,201,268],"iscrowd":0,"id":137,"image_id":69,"category_id":1},{"segmentation":[[407,687,608,687,608,955,407,955]],"area":53868,"bbox":[407,687,201,268],"iscrowd":0,"id":137,"image_id":69,"category_id":1},{"segmentation":[[398,694,600,694,600,967,398,967]],"area":55146,"bbox":[398,694,202,273],"iscrowd":0,"id":139,"image_id":70,"category_id":1},{"segmentation":[[398,694,600,694,600,967,398,967]],"area":55146,"bbox":[398,694,202,273],"iscrowd":0,"id":139,"image_id":70,"category_id":1},{"segmentation":[[396,703,587,703,587,970,396,970]],"area":50997,"bbox":[396,703,191,267],"iscrowd":0,"id":141,"image_id":71,"category_id":1},{"segmentation":[[396,703,587,703,587,970,396,970]],"area":50997,"bbox":[396,703,191,267],"iscrowd":0,"id":141,"image_id":71,"category_id":1},{"segmentation":[[367,663,579,663,579,945,367,945]],"area":59784,"bbox":[367,663,212,282],"iscrowd":0,"id":143,"image_id":72,"category_id":1},{"segmentation":[[367,663,579,663,579,945,367,945]],"area":59784,"bbox":[367,663,212,282],"iscrowd":0,"id":143,"image_id":72,"category_id":1},{"segmentation":[[334,669,521,669,521,958,334,958]],"area":54043,"bbox":[334,669,187,289],"iscrowd":0,"id":145,"image_id":73,"category_id":1},{"segmentation":[[334,669,521,669,521,958,334,958]],"area":54043,"bbox":[334,669,187,289],"iscrowd":0,"id":145,"image_id":73,"category_id":1},{"segmentation":[[315,692,517,692,517,980,315,980]],"area":58176,"bbox":[315,692,202,288],"iscrowd":0,"id":147,"image_id":74,"category_id":1},{"segmentation":[[315,692,517,692,517,980,315,980]],"area":58176,"bbox":[315,692,202,288],"iscrowd":0,"id":147,"image_id":74,"category_id":1},{"segmentation":[[285,718,487,718,487,1006,285,1006]],"area":58176,"bbox":[285,718,202,288],"iscrowd":0,"id":149,"image_id":75,"category_id":1},{"segmentation":[[285,718,487,718,487,1006,285,1006]],"area":58176,"bbox":[285,718,202,288],"iscrowd":0,"id":149,"image_id":75,"category_id":1},{"segmentation":[[505,834,698,834,698,1084,505,1084]],"area":48250,"bbox":[505,834,193,250],"iscrowd":0,"id":151,"image_id":76,"category_id":1},{"segmentation":[[505,834,698,834,698,1084,505,1084]],"area":48250,"bbox":[505,834,193,250],"iscrowd":0,"id":151,"image_id":76,"category_id":1},{"segmentation":[[522,851,705,851,705,1100,522,1100]],"area":45567,"bbox":[522,851,183,249],"iscrowd":0,"id":153,"image_id":77,"category_id":1},{"segmentation":[[522,851,705,851,705,1100,522,1100]],"area":45567,"bbox":[522,851,183,249],"iscrowd":0,"id":153,"image_id":77,"category_id":1},{"segmentation":[[504,867,687,867,687,1126,504,1126]],"area":47397,"bbox":[504,867,183,259],"iscrowd":0,"id":155,"image_id":78,"category_id":1},{"segmentation":[[504,867,687,867,687,1126,504,1126]],"area":47397,"bbox":[504,867,183,259],"iscrowd":0,"id":155,"image_id":78,"category_id":1},{"segmentation":[[490,877,685,877,685,1129,490,1129]],"area":49140,"bbox":[490,877,195,252],"iscrowd":0,"id":157,"image_id":79,"category_id":1},{"segmentation":[[490,877,685,877,685,1129,490,1129]],"area":49140,"bbox":[490,877,195,252],"iscrowd":0,"id":157,"image_id":79,"category_id":1},{"segmentation":[[489,878,682,878,682,1134,489,1134]],"area":49408,"bbox":[489,878,193,256],"iscrowd":0,"id":159,"image_id":80,"category_id":1},{"segmentation":[[489,878,682,878,682,1134,489,1134]],"area":49408,"bbox":[489,878,193,256],"iscrowd":0,"id":159,"image_id":80,"category_id":1},{"segmentation":[[476,895,647,895,647,1145,476,1145]],"area":42750,"bbox":[476,895,171,250],"iscrowd":0,"id":161,"image_id":81,"category_id":1},{"segmentation":[[476,895,647,895,647,1145,476,1145]],"area":42750,"bbox":[476,895,171,250],"iscrowd":0,"id":161,"image_id":81,"category_id":1},{"segmentation":[[425,925,593,925,593,1175,425,1175]],"area":42000,"bbox":[425,925,168,250],"iscrowd":0,"id":163,"image_id":82,"category_id":1},{"segmentation":[[425,925,593,925,593,1175,425,1175]],"area":42000,"bbox":[425,925,168,250],"iscrowd":0,"id":163,"image_id":82,"category_id":1},{"segmentation":[[494,889,645,889,645,1163,494,1163]],"area":41374,"bbox":[494,889,151,274],"iscrowd":0,"id":165,"image_id":83,"category_id":1},{"segmentation":[[494,889,645,889,645,1163,494,1163]],"area":41374,"bbox":[494,889,151,274],"iscrowd":0,"id":165,"image_id":83,"category_id":1},{"segmentation":[[544,918,683,918,683,1195,544,1195]],"area":38503,"bbox":[544,918,139,277],"iscrowd":0,"id":167,"image_id":84,"category_id":1},{"segmentation":[[544,918,683,918,683,1195,544,1195]],"area":38503,"bbox":[544,918,139,277],"iscrowd":0,"id":167,"image_id":84,"category_id":1},{"segmentation":[[564,925,707,925,707,1200,564,1200]],"area":39325,"bbox":[564,925,143,275],"iscrowd":0,"id":169,"image_id":85,"category_id":1},{"segmentation":[[564,925,707,925,707,1200,564,1200]],"area":39325,"bbox":[564,925,143,275],"iscrowd":0,"id":169,"image_id":85,"category_id":1},{"segmentation":[[595,946,746,946,746,1225,595,1225]],"area":42129,"bbox":[595,946,151,279],"iscrowd":0,"id":171,"image_id":86,"category_id":1},{"segmentation":[[595,946,746,946,746,1225,595,1225]],"area":42129,"bbox":[595,946,151,279],"iscrowd":0,"id":171,"image_id":86,"category_id":1},{"segmentation":[[713,973,1045,973,1045,1168,713,1168]],"area":64740,"bbox":[713,973,332,195],"iscrowd":0,"id":173,"image_id":87,"category_id":1},{"segmentation":[[713,973,1045,973,1045,1168,713,1168]],"area":64740,"bbox":[713,973,332,195],"iscrowd":0,"id":173,"image_id":87,"category_id":1},{"segmentation":[[690,973,1031,973,1031,1182,690,1182]],"area":71269,"bbox":[690,973,341,209],"iscrowd":0,"id":175,"image_id":88,"category_id":1},{"segmentation":[[690,973,1031,973,1031,1182,690,1182]],"area":71269,"bbox":[690,973,341,209],"iscrowd":0,"id":175,"image_id":88,"category_id":1},{"segmentation":[[674,983,1008,983,1008,1177,674,1177]],"area":64796,"bbox":[674,983,334,194],"iscrowd":0,"id":177,"image_id":89,"category_id":1},{"segmentation":[[674,983,1008,983,1008,1177,674,1177]],"area":64796,"bbox":[674,983,334,194],"iscrowd":0,"id":177,"image_id":89,"category_id":1},{"segmentation":[[666,968,1002,968,1002,1151,666,1151]],"area":61488,"bbox":[666,968,336,183],"iscrowd":0,"id":179,"image_id":90,"category_id":1},{"segmentation":[[666,968,1002,968,1002,1151,666,1151]],"area":61488,"bbox":[666,968,336,183],"iscrowd":0,"id":179,"image_id":90,"category_id":1},{"segmentation":[[636,957,962,957,962,1144,636,1144]],"area":60962,"bbox":[636,957,326,187],"iscrowd":0,"id":181,"image_id":91,"category_id":1},{"segmentation":[[636,957,962,957,962,1144,636,1144]],"area":60962,"bbox":[636,957,326,187],"iscrowd":0,"id":181,"image_id":91,"category_id":1},{"segmentation":[[535,787,813,787,813,912,535,912]],"area":34750,"bbox":[535,787,278,125],"iscrowd":0,"id":183,"image_id":92,"category_id":1},{"segmentation":[[535,787,813,787,813,912,535,912]],"area":34750,"bbox":[535,787,278,125],"iscrowd":0,"id":183,"image_id":92,"category_id":1},{"segmentation":[[540,866,857,866,857,1030,540,1030]],"area":51988,"bbox":[540,866,317,164],"iscrowd":0,"id":185,"image_id":93,"category_id":1},{"segmentation":[[540,866,857,866,857,1030,540,1030]],"area":51988,"bbox":[540,866,317,164],"iscrowd":0,"id":185,"image_id":93,"category_id":1},{"segmentation":[[538,999,849,999,849,1185,538,1185]],"area":57846,"bbox":[538,999,311,186],"iscrowd":0,"id":187,"image_id":94,"category_id":1},{"segmentation":[[538,999,849,999,849,1185,538,1185]],"area":57846,"bbox":[538,999,311,186],"iscrowd":0,"id":187,"image_id":94,"category_id":1},{"segmentation":[[454,1020,764,1020,764,1214,454,1214]],"area":60140,"bbox":[454,1020,310,194],"iscrowd":0,"id":189,"image_id":95,"category_id":1},{"segmentation":[[454,1020,764,1020,764,1214,454,1214]],"area":60140,"bbox":[454,1020,310,194],"iscrowd":0,"id":189,"image_id":95,"category_id":1},{"segmentation":[[351,1074,646,1074,646,1264,351,1264]],"area":56050,"bbox":[351,1074,295,190],"iscrowd":0,"id":191,"image_id":96,"category_id":1},{"segmentation":[[351,1074,646,1074,646,1264,351,1264]],"area":56050,"bbox":[351,1074,295,190],"iscrowd":0,"id":191,"image_id":96,"category_id":1},{"segmentation":[[753,937,965,937,965,1113,753,1113]],"area":37312,"bbox":[753,937,212,176],"iscrowd":0,"id":193,"image_id":97,"category_id":1},{"segmentation":[[753,937,965,937,965,1113,753,1113]],"area":37312,"bbox":[753,937,212,176],"iscrowd":0,"id":193,"image_id":97,"category_id":1},{"segmentation":[[807,914,1030,914,1030,1042,807,1042]],"area":28544,"bbox":[807,914,223,128],"iscrowd":0,"id":195,"image_id":98,"category_id":1},{"segmentation":[[807,914,1030,914,1030,1042,807,1042]],"area":28544,"bbox":[807,914,223,128],"iscrowd":0,"id":195,"image_id":98,"category_id":1},{"segmentation":[[695,860,983,860,983,998,695,998]],"area":39744,"bbox":[695,860,288,138],"iscrowd":0,"id":197,"image_id":99,"category_id":1},{"segmentation":[[695,860,983,860,983,998,695,998]],"area":39744,"bbox":[695,860,288,138],"iscrowd":0,"id":197,"image_id":99,"category_id":1},{"segmentation":[[522,818,812,818,812,953,522,953]],"area":39150,"bbox":[522,818,290,135],"iscrowd":0,"id":199,"image_id":100,"category_id":1},{"segmentation":[[522,818,812,818,812,953,522,953]],"area":39150,"bbox":[522,818,290,135],"iscrowd":0,"id":199,"image_id":100,"category_id":1}],"licenses":[{"id":0,"name":"Unknown License","url":""}],"categories":[{"supercategory":"type","id":1,"name":"pipe"}]}