{"pipe_1.jpg197939":{"filename":"pipe_1.jpg","size":197939,"regions":[{"shape_attributes":{"name":"rect","x":476,"y":619,"width":372,"height":180},"region_attributes":{"type":"pipe","image_quality":{"good":true,"frontal":true,"good_illumination":true},"pipe":"pipe"}}],"file_attributes":{"caption":"","public_domain":"no","image_url":""}},"pipe_2.jpg69083":{"filename":"pipe_2.jpg","size":69083,"regions":[{"shape_attributes":{"name":"rect","x":60,"y":576,"width":171,"height":150},"region_attributes":{"type":"pipe","image_quality":{"good":true,"frontal":true,"good_illumination":true},"pipe":"pipe"}}],"file_attributes":{"caption":"","public_domain":"no","image_url":""}},"pipe_3.jpg381885":{"filename":"pipe_3.jpg","size":381885,"regions":[{"shape_attributes":{"name":"rect","x":640,"y":513,"width":231,"height":414},"region_attributes":{"type":"pipe","image_quality":{"good":true,"frontal":true,"good_illumination":true},"pipe":"pipe"}}],"file_attributes":{"caption":"","public_domain":"no","image_url":""}},"pipe_4.jpg99817":{"filename":"pipe_4.jpg","size":99817,"regions":[{"shape_attributes":{"name":"rect","x":241,"y":500,"width":262,"height":260},"region_attributes":{"type":"pipe","image_quality":{"good":true,"frontal":true,"good_illumination":true},"pipe":"pipe"}}],"file_attributes":{"caption":"","public_domain":"no","image_url":""}},"pipe_5.jpg82199":{"filename":"pipe_5.jpg","size":82199,"regions":[{"shape_attributes":{"name":"rect","x":18,"y":578,"width":175,"height":186},"region_attributes":{"type":"pipe","image_quality":{"good":true,"frontal":true,"good_illumination":true},"pipe":"pipe"}}],"file_attributes":{"caption":"","public_domain":"no","image_url":""}},"pipe_6.jpg141503":{"filename":"pipe_6.jpg","size":141503,"regions":[{"shape_attributes":{"name":"rect","x":512,"y":543,"width":202,"height":155},"region_attributes":{"type":"pipe","image_quality":{"good":true,"frontal":true,"good_illumination":true},"pipe":"pipe"}}],"file_attributes":{"caption":"","public_domain":"no","image_url":""}},"pipe_7.jpg329548":{"filename":"pipe_7.jpg","size":329548,"regions":[{"shape_attributes":{"name":"rect","x":420,"y":782,"width":303,"height":293},"region_attributes":{"type":"pipe","image_quality":{"good":true,"frontal":true,"good_illumination":true},"pipe":"pipe"}}],"file_attributes":{"caption":"","public_domain":"no","image_url":""}},"pipe_8.jpg68252":{"filename":"pipe_8.jpg","size":68252,"regions":[{"shape_attributes":{"name":"rect","x":295,"y":324,"width":217,"height":237},"region_attributes":{"type":"pipe","image_quality":{"good":true,"frontal":true,"good_illumination":true},"pipe":"pipe"}}],"file_attributes":{"caption":"","public_domain":"no","image_url":""}},"pipe_9.jpg334570":{"filename":"pipe_9.jpg","size":334570,"regions":[{"shape_attributes":{"name":"rect","x":403,"y":699,"width":350,"height":292},"region_attributes":{"type":"pipe","image_quality":{"good":true,"frontal":true,"good_illumination":true},"pipe":"pipe"}}],"file_attributes":{"caption":"","public_domain":"no","image_url":""}},"pipe_10.jpg70618":{"filename":"pipe_10.jpg","size":70618,"regions":[{"shape_attributes":{"name":"rect","x":1,"y":526,"width":173,"height":152},"region_attributes":{"type":"pipe","image_quality":{"good":true,"frontal":true,"good_illumination":true},"pipe":"pipe"}}],"file_attributes":{"caption":"","public_domain":"no","image_url":""}},"pipe_11.jpg138293":{"filename":"pipe_11.jpg","size":138293,"regions":[{"shape_attributes":{"name":"rect","x":489,"y":539,"width":207,"height":159},"region_attributes":{"type":"pipe","image_quality":{"good":true,"frontal":true,"good_illumination":true},"pipe":"pipe"}}],"file_attributes":{"caption":"","public_domain":"no","image_url":""}},"pipe_12.jpg206812":{"filename":"pipe_12.jpg","size":206812,"regions":[{"shape_attributes":{"name":"rect","x":484,"y":621,"width":343,"height":165},"region_attributes":{"type":"pipe","image_quality":{"good":true,"frontal":true,"good_illumination":true},"pipe":"pipe"}}],"file_attributes":{"caption":"","public_domain":"no","image_url":""}},"pipe_13.jpg178865":{"filename":"pipe_13.jpg","size":178865,"regions":[{"shape_attributes":{"name":"rect","x":490,"y":632,"width":337,"height":171},"region_attributes":{"type":"pipe","image_quality":{"good":true,"frontal":true,"good_illumination":true},"pipe":"pipe"}}],"file_attributes":{"caption":"","public_domain":"no","image_url":""}},"pipe_14.jpg185445":{"filename":"pipe_14.jpg","size":185445,"regions":[{"shape_attributes":{"name":"rect","x":504,"y":628,"width":325,"height":161},"region_attributes":{"type":"pipe","image_quality":{"good":true,"frontal":true,"good_illumination":true},"pipe":"pipe"}}],"file_attributes":{"caption":"","public_domain":"no","image_url":""}},"pipe_15.jpg180956":{"filename":"pipe_15.jpg","size":180956,"regions":[{"shape_attributes":{"name":"rect","x":500,"y":625,"width":347,"height":156},"region_attributes":{"type":"pipe","image_quality":{"good":true,"frontal":true,"good_illumination":true},"pipe":"pipe"}}],"file_attributes":{"caption":"","public_domain":"no","image_url":""}},"pipe_16.jpg182752":{"filename":"pipe_16.jpg","size":182752,"regions":[{"shape_attributes":{"name":"rect","x":464,"y":612,"width":200,"height":293},"region_attributes":{"type":"pipe","image_quality":{"good":true,"frontal":true,"good_illumination":true},"pipe":"pipe"}}],"file_attributes":{"caption":"","public_domain":"no","image_url":""}},"pipe_17.jpg173028":{"filename":"pipe_17.jpg","size":173028,"regions":[{"shape_attributes":{"name":"rect","x":473,"y":603,"width":208,"height":293},"region_attributes":{"type":"pipe","image_quality":{"good":true,"frontal":true,"good_illumination":true},"pipe":"pipe"}}],"file_attributes":{"caption":"","public_domain":"no","image_url":""}},"pipe_18.jpg183480":{"filename":"pipe_18.jpg","size":183480,"regions":[{"shape_attributes":{"name":"rect","x":473,"y":597,"width":216,"height":312},"region_attributes":{"type":"pipe","image_quality":{"good":true,"frontal":true,"good_illumination":true},"pipe":"pipe"}}],"file_attributes":{"caption":"","public_domain":"no","image_url":""}},"pipe_19.jpg176507":{"filename":"pipe_19.jpg","size":176507,"regions":[{"shape_attributes":{"name":"rect","x":472,"y":603,"width":219,"height":306},"region_attributes":{"type":"pipe","image_quality":{"good":true,"frontal":true,"good_illumination":true},"pipe":"pipe"}}],"file_attributes":{"caption":"","public_domain":"no","image_url":""}},"pipe_20.jpg173886":{"filename":"pipe_20.jpg","size":173886,"regions":[{"shape_attributes":{"name":"rect","x":473,"y":607,"width":215,"height":301},"region_attributes":{"type":"pipe","image_quality":{"good":true,"frontal":true,"good_illumination":true},"pipe":"pipe"}}],"file_attributes":{"caption":"","public_domain":"no","image_url":""}},"pipe_21.jpg173826":{"filename":"pipe_21.jpg","size":173826,"regions":[{"shape_attributes":{"name":"rect","x":475,"y":608,"width":219,"height":296},"region_attributes":{"type":"pipe","image_quality":{"good":true,"frontal":true,"good_illumination":true},"pipe":"pipe"}}],"file_attributes":{"caption":"","public_domain":"no","image_url":""}},"pipe_22.jpg175062":{"filename":"pipe_22.jpg","size":175062,"regions":[{"shape_attributes":{"name":"rect","x":471,"y":592,"width":216,"height":307},"region_attributes":{"type":"pipe","image_quality":{"good":true,"frontal":true,"good_illumination":true},"pipe":"pipe"}}],"file_attributes":{"caption":"","public_domain":"no","image_url":""}},"pipe_23.jpg204172":{"filename":"pipe_23.jpg","size":204172,"regions":[{"shape_attributes":{"name":"rect","x":462,"y":619,"width":259,"height":257},"region_attributes":{"type":"pipe","image_quality":{"good":true,"frontal":true,"good_illumination":true},"pipe":"pipe"}}],"file_attributes":{"caption":"","public_domain":"no","image_url":""}},"pipe_24.jpg226614":{"filename":"pipe_24.jpg","size":226614,"regions":[{"shape_attributes":{"name":"rect","x":475,"y":623,"width":237,"height":262},"region_attributes":{"type":"pipe","image_quality":{"good":true,"frontal":true,"good_illumination":true},"pipe":"pipe"}}],"file_attributes":{"caption":"","public_domain":"no","image_url":""}},"pipe_25.jpg202164":{"filename":"pipe_25.jpg","size":202164,"regions":[{"shape_attributes":{"name":"rect","x":325,"y":573,"width":347,"height":182},"region_attributes":{"type":"pipe","image_quality":{"good":true,"frontal":true,"good_illumination":true},"pipe":"pipe"}}],"file_attributes":{"caption":"","public_domain":"no","image_url":""}},"pipe_26.jpg202160":{"filename":"pipe_26.jpg","size":202160,"regions":[{"shape_attributes":{"name":"rect","x":490,"y":608,"width":234,"height":306},"region_attributes":{"type":"pipe","image_quality":{"good":true,"frontal":true,"good_illumination":true},"pipe":"pipe"}}],"file_attributes":{"caption":"","public_domain":"no","image_url":""}},"pipe_27.jpg185137":{"filename":"pipe_27.jpg","size":185137,"regions":[{"shape_attributes":{"name":"rect","x":739,"y":681,"width":339,"height":246},"region_attributes":{"type":"pipe","image_quality":{"good":true,"frontal":true,"good_illumination":true},"pipe":"pipe"}}],"file_attributes":{"caption":"","public_domain":"no","image_url":""}},"pipe_28.jpg190255":{"filename":"pipe_28.jpg","size":190255,"regions":[{"shape_attributes":{"name":"rect","x":705,"y":676,"width":334,"height":242},"region_attributes":{"type":"pipe","image_quality":{"good":true,"frontal":true,"good_illumination":true},"pipe":"pipe"}}],"file_attributes":{"caption":"","public_domain":"no","image_url":""}},"pipe_29.jpg185149":{"filename":"pipe_29.jpg","size":185149,"regions":[{"shape_attributes":{"name":"rect","x":696,"y":681,"width":366,"height":208},"region_attributes":{"type":"pipe","image_quality":{"good":true,"frontal":true,"good_illumination":true},"pipe":"pipe"}}],"file_attributes":{"caption":"","public_domain":"no","image_url":""}},"pipe_30.jpg176711":{"filename":"pipe_30.jpg","size":176711,"regions":[{"shape_attributes":{"name":"rect","x":707,"y":749,"width":363,"height":178},"region_attributes":{"type":"pipe","image_quality":{"good":true,"frontal":true,"good_illumination":true},"pipe":"pipe"}}],"file_attributes":{"caption":"","public_domain":"no","image_url":""}},"pipe_31.jpg170331":{"filename":"pipe_31.jpg","size":170331,"regions":[{"shape_attributes":{"name":"rect","x":680,"y":729,"width":387,"height":179},"region_attributes":{"type":"pipe","image_quality":{"good":true,"frontal":true,"good_illumination":true},"pipe":"pipe"}}],"file_attributes":{"caption":"","public_domain":"no","image_url":""}},"pipe_32.jpg153916":{"filename":"pipe_32.jpg","size":153916,"regions":[{"shape_attributes":{"name":"rect","x":694,"y":753,"width":390,"height":173},"region_attributes":{"type":"pipe","image_quality":{"good":true,"frontal":true,"good_illumination":true},"pipe":"pipe"}}],"file_attributes":{"caption":"","public_domain":"no","image_url":""}},"pipe_33.jpg139006":{"filename":"pipe_33.jpg","size":139006,"regions":[{"shape_attributes":{"name":"rect","x":684,"y":757,"width":356,"height":171},"region_attributes":{"type":"pipe","image_quality":{"good":true,"frontal":true,"good_illumination":true},"pipe":"pipe"}}],"file_attributes":{"caption":"","public_domain":"no","image_url":""}},"pipe_34.jpg155053":{"filename":"pipe_34.jpg","size":155053,"regions":[{"shape_attributes":{"name":"rect","x":491,"y":742,"width":206,"height":204},"region_attributes":{"type":"pipe","image_quality":{"good":true,"frontal":true,"good_illumination":true},"pipe":"pipe"}}],"file_attributes":{"caption":"","public_domain":"no","image_url":""}},"pipe_35.jpg156755":{"filename":"pipe_35.jpg","size":156755,"regions":[{"shape_attributes":{"name":"rect","x":564,"y":753,"width":179,"height":216},"region_attributes":{"type":"pipe","image_quality":{"good":true,"frontal":true,"good_illumination":true},"pipe":"pipe"}}],"file_attributes":{"caption":"","public_domain":"no","image_url":""}},"pipe_36.jpg150993":{"filename":"pipe_36.jpg","size":150993,"regions":[{"shape_attributes":{"name":"rect","x":659,"y":778,"width":151,"height":216},"region_attributes":{"type":"pipe","image_quality":{"good":true,"frontal":true,"good_illumination":true},"pipe":"pipe"}}],"file_attributes":{"caption":"","public_domain":"no","image_url":""}},"pipe_37.jpg151660":{"filename":"pipe_37.jpg","size":151660,"regions":[{"shape_attributes":{"name":"rect","x":717,"y":772,"width":187,"height":222},"region_attributes":{"type":"pipe","image_quality":{"good":true,"frontal":true,"good_illumination":true},"pipe":"pipe"}}],"file_attributes":{"caption":"","public_domain":"no","image_url":""}},"pipe_38.jpg145977":{"filename":"pipe_38.jpg","size":145977,"regions":[{"shape_attributes":{"name":"rect","x":690,"y":764,"width":215,"height":223},"region_attributes":{"type":"pipe","image_quality":{"good":true,"frontal":true,"good_illumination":true},"pipe":"pipe"}}],"file_attributes":{"caption":"","public_domain":"no","image_url":""}},"pipe_39.jpg184022":{"filename":"pipe_39.jpg","size":184022,"regions":[{"shape_attributes":{"name":"rect","x":603,"y":698,"width":184,"height":227},"region_attributes":{"type":"pipe","image_quality":{"good":true,"frontal":true,"good_illumination":true},"pipe":"pipe"}}],"file_attributes":{"caption":"","public_domain":"no","image_url":""}},"pipe_40.jpg174125":{"filename":"pipe_40.jpg","size":174125,"regions":[{"shape_attributes":{"name":"rect","x":548,"y":709,"width":231,"height":208},"region_attributes":{"type":"pipe","image_quality":{"good":true,"frontal":true,"good_illumination":true},"pipe":"pipe"}}],"file_attributes":{"caption":"","public_domain":"no","image_url":""}},"pipe_41.jpg169486":{"filename":"pipe_41.jpg","size":169486,"regions":[{"shape_attributes":{"name":"rect","x":523,"y":736,"width":223,"height":198},"region_attributes":{"type":"pipe","image_quality":{"good":true,"frontal":true,"good_illumination":true},"pipe":"pipe"}}],"file_attributes":{"caption":"","public_domain":"no","image_url":""}},"pipe_42.jpg181934":{"filename":"pipe_42.jpg","size":181934,"regions":[{"shape_attributes":{"name":"rect","x":604,"y":740,"width":223,"height":201},"region_attributes":{"type":"pipe","image_quality":{"good":true,"frontal":true,"good_illumination":true},"pipe":"pipe"}}],"file_attributes":{"caption":"","public_domain":"no","image_url":""}},"pipe_43.jpg188745":{"filename":"pipe_43.jpg","size":188745,"regions":[{"shape_attributes":{"name":"rect","x":600,"y":771,"width":226,"height":216},"region_attributes":{"type":"pipe","image_quality":{"good":true,"frontal":true,"good_illumination":true},"pipe":"pipe"}}],"file_attributes":{"caption":"","public_domain":"no","image_url":""}},"pipe_44.jpg179971":{"filename":"pipe_44.jpg","size":179971,"regions":[{"shape_attributes":{"name":"rect","x":497,"y":597,"width":420,"height":187},"region_attributes":{"type":"pipe","image_quality":{"good":true,"frontal":true,"good_illumination":true},"pipe":"pipe"}}],"file_attributes":{"caption":"","public_domain":"no","image_url":""}},"pipe_45.jpg180403":{"filename":"pipe_45.jpg","size":180403,"regions":[{"shape_attributes":{"name":"rect","x":487,"y":593,"width":399,"height":220},"region_attributes":{"type":"pipe","image_quality":{"good":true,"frontal":true,"good_illumination":true},"pipe":"pipe"}}],"file_attributes":{"caption":"","public_domain":"no","image_url":""}},"pipe_46.jpg184967":{"filename":"pipe_46.jpg","size":184967,"regions":[{"shape_attributes":{"name":"rect","x":479,"y":614,"width":395,"height":194},"region_attributes":{"type":"pipe","image_quality":{"good":true,"frontal":true,"good_illumination":true},"pipe":"pipe"}}],"file_attributes":{"caption":"","public_domain":"no","image_url":""}},"pipe_47.jpg194415":{"filename":"pipe_47.jpg","size":194415,"regions":[{"shape_attributes":{"name":"rect","x":566,"y":641,"width":436,"height":179},"region_attributes":{"type":"pipe","image_quality":{"good":true,"frontal":true,"good_illumination":true},"pipe":"pipe"}}],"file_attributes":{"caption":"","public_domain":"no","image_url":""}},"pipe_48.jpg200928":{"filename":"pipe_48.jpg","size":200928,"regions":[{"shape_attributes":{"name":"rect","x":570,"y":672,"width":446,"height":180},"region_attributes":{"type":"pipe","image_quality":{"good":true,"frontal":true,"good_illumination":true},"pipe":"pipe"}}],"file_attributes":{"caption":"","public_domain":"no","image_url":""}},"pipe_49.jpg184120":{"filename":"pipe_49.jpg","size":184120,"regions":[{"shape_attributes":{"name":"rect","x":533,"y":633,"width":465,"height":179},"region_attributes":{"type":"pipe","image_quality":{"good":true,"frontal":true,"good_illumination":true},"pipe":"pipe"}}],"file_attributes":{"caption":"","public_domain":"no","image_url":""}},"pipe_50.jpg248622":{"filename":"pipe_50.jpg","size":248622,"regions":[{"shape_attributes":{"name":"rect","x":534,"y":623,"width":454,"height":200},"region_attributes":{"type":"pipe","image_quality":{"good":true,"frontal":true,"good_illumination":true},"pipe":"pipe"}}],"file_attributes":{"caption":"","public_domain":"no","image_url":""}},"pipe_51.jpg286321":{"filename":"pipe_51.jpg","size":286321,"regions":[{"shape_attributes":{"name":"rect","x":505,"y":553,"width":317,"height":260},"region_attributes":{"type":"pipe","image_quality":{"good":true,"frontal":true,"good_illumination":true},"pipe":"pipe"}}],"file_attributes":{"caption":"","public_domain":"no","image_url":""}},"pipe_52.jpg179919":{"filename":"pipe_52.jpg","size":179919,"regions":[{"shape_attributes":{"name":"rect","x":493,"y":622,"width":395,"height":175},"region_attributes":{"type":"pipe","image_quality":{"good":true,"frontal":true,"good_illumination":true},"pipe":"pipe"}}],"file_attributes":{"caption":"","public_domain":"no","image_url":""}},"pipe_53.jpg170320":{"filename":"pipe_53.jpg","size":170320,"regions":[{"shape_attributes":{"name":"rect","x":527,"y":647,"width":402,"height":161},"region_attributes":{"type":"pipe","image_quality":{"good":true,"frontal":true,"good_illumination":true},"pipe":"pipe"}}],"file_attributes":{"caption":"","public_domain":"no","image_url":""}},"pipe_54.jpg161330":{"filename":"pipe_54.jpg","size":161330,"regions":[{"shape_attributes":{"name":"rect","x":551,"y":676,"width":391,"height":173},"region_attributes":{"type":"pipe","image_quality":{"good":true,"frontal":true,"good_illumination":true},"pipe":"pipe"}}],"file_attributes":{"caption":"","public_domain":"no","image_url":""}},"pipe_55.jpg180742":{"filename":"pipe_55.jpg","size":180742,"regions":[{"shape_attributes":{"name":"rect","x":533,"y":702,"width":377,"height":161},"region_attributes":{"type":"pipe","image_quality":{"good":true,"frontal":true,"good_illumination":true},"pipe":"pipe"}}],"file_attributes":{"caption":"","public_domain":"no","image_url":""}},"pipe_56.jpg181288":{"filename":"pipe_56.jpg","size":181288,"regions":[{"shape_attributes":{"name":"rect","x":518,"y":716,"width":380,"height":173},"region_attributes":{"type":"pipe","image_quality":{"good":true,"frontal":true,"good_illumination":true},"pipe":"pipe"}}],"file_attributes":{"caption":"","public_domain":"no","image_url":""}},"pipe_57.jpg184455":{"filename":"pipe_57.jpg","size":184455,"regions":[{"shape_attributes":{"name":"rect","x":478,"y":696,"width":323,"height":158},"region_attributes":{"type":"pipe","image_quality":{"good":true,"frontal":true,"good_illumination":true},"pipe":"pipe"}}],"file_attributes":{"caption":"","public_domain":"no","image_url":""}},"pipe_58.jpg191753":{"filename":"pipe_58.jpg","size":191753,"regions":[{"shape_attributes":{"name":"rect","x":462,"y":706,"width":344,"height":158},"region_attributes":{"type":"pipe","image_quality":{"good":true,"frontal":true,"good_illumination":true},"pipe":"pipe"}}],"file_attributes":{"caption":"","public_domain":"no","image_url":""}},"pipe_59.jpg167779":{"filename":"pipe_59.jpg","size":167779,"regions":[{"shape_attributes":{"name":"rect","x":494,"y":724,"width":354,"height":156},"region_attributes":{"type":"pipe","image_quality":{"good":true,"frontal":true,"good_illumination":true},"pipe":"pipe"}}],"file_attributes":{"caption":"","public_domain":"no","image_url":""}},"pipe_60.jpg170246":{"filename":"pipe_60.jpg","size":170246,"regions":[{"shape_attributes":{"name":"rect","x":367,"y":655,"width":224,"height":270},"region_attributes":{"type":"pipe","image_quality":{"good":true,"frontal":true,"good_illumination":true},"pipe":"pipe"}}],"file_attributes":{"caption":"","public_domain":"no","image_url":""}},"pipe_61.jpg174580":{"filename":"pipe_61.jpg","size":174580,"regions":[{"shape_attributes":{"name":"rect","x":362,"y":661,"width":194,"height":279},"region_attributes":{"type":"pipe","image_quality":{"good":true,"frontal":true,"good_illumination":true},"pipe":"pipe"}}],"file_attributes":{"caption":"","public_domain":"no","image_url":""}},"pipe_62.jpg166953":{"filename":"pipe_62.jpg","size":166953,"regions":[{"shape_attributes":{"name":"rect","x":359,"y":665,"width":198,"height":279},"region_attributes":{"type":"pipe","image_quality":{"good":true,"frontal":true,"good_illumination":true},"pipe":"pipe"}}],"file_attributes":{"caption":"","public_domain":"no","image_url":""}},"pipe_63.jpg180014":{"filename":"pipe_63.jpg","size":180014,"regions":[{"shape_attributes":{"name":"rect","x":367,"y":695,"width":202,"height":273},"region_attributes":{"type":"pipe","image_quality":{"good":true,"frontal":true,"good_illumination":true},"pipe":"pipe"}}],"file_attributes":{"caption":"","public_domain":"no","image_url":""}},"pipe_64.jpg194882":{"filename":"pipe_64.jpg","size":194882,"regions":[{"shape_attributes":{"name":"rect","x":359,"y":677,"width":215,"height":281},"region_attributes":{"type":"pipe","image_quality":{"good":true,"frontal":true,"good_illumination":true},"pipe":"pipe"}}],"file_attributes":{"caption":"","public_domain":"no","image_url":""}},"pipe_65.jpg165742":{"filename":"pipe_65.jpg","size":165742,"regions":[{"shape_attributes":{"name":"rect","x":366,"y":691,"width":219,"height":273},"region_attributes":{"type":"pipe","image_quality":{"good":true,"frontal":true,"good_illumination":true},"pipe":"pipe"}}],"file_attributes":{"caption":"","public_domain":"no","image_url":""}},"pipe_66.jpg182986":{"filename":"pipe_66.jpg","size":182986,"regions":[{"shape_attributes":{"name":"rect","x":388,"y":674,"width":195,"height":277},"region_attributes":{"type":"pipe","image_quality":{"good":true,"frontal":true,"good_illumination":true},"pipe":"pipe"}}],"file_attributes":{"caption":"","public_domain":"no","image_url":""}},"pipe_67.jpg181616":{"filename":"pipe_67.jpg","size":181616,"regions":[{"shape_attributes":{"name":"rect","x":383,"y":673,"width":204,"height":270},"region_attributes":{"type":"pipe","image_quality":{"good":true,"frontal":true,"good_illumination":true},"pipe":"pipe"}}],"file_attributes":{"caption":"","public_domain":"no","image_url":""}},"pipe_68.jpg189276":{"filename":"pipe_68.jpg","size":189276,"regions":[{"shape_attributes":{"name":"rect","x":362,"y":673,"width":228,"height":281},"region_attributes":{"type":"pipe","image_quality":{"good":true,"frontal":true,"good_illumination":true},"pipe":"pipe"}}],"file_attributes":{"caption":"","public_domain":"no","image_url":""}},"pipe_69.jpg202294":{"filename":"pipe_69.jpg","size":202294,"regions":[{"shape_attributes":{"name":"rect","x":407,"y":687,"width":201,"height":268},"region_attributes":{"type":"pipe","image_quality":{"good":true,"frontal":true,"good_illumination":true},"pipe":"pipe"}}],"file_attributes":{"caption":"","public_domain":"no","image_url":""}},"pipe_70.jpg222002":{"filename":"pipe_70.jpg","size":222002,"regions":[{"shape_attributes":{"name":"rect","x":398,"y":694,"width":202,"height":273},"region_attributes":{"type":"pipe","image_quality":{"good":true,"frontal":true,"good_illumination":true},"pipe":"pipe"}}],"file_attributes":{"caption":"","public_domain":"no","image_url":""}},"pipe_71.jpg227041":{"filename":"pipe_71.jpg","size":227041,"regions":[{"shape_attributes":{"name":"rect","x":396,"y":703,"width":191,"height":267},"region_attributes":{"type":"pipe","image_quality":{"good":true,"frontal":true,"good_illumination":true},"pipe":"pipe"}}],"file_attributes":{"caption":"","public_domain":"no","image_url":""}},"pipe_72.jpg234181":{"filename":"pipe_72.jpg","size":234181,"regions":[{"shape_attributes":{"name":"rect","x":367,"y":663,"width":212,"height":282},"region_attributes":{"type":"pipe","image_quality":{"good":true,"frontal":true,"good_illumination":true},"pipe":"pipe"}}],"file_attributes":{"caption":"","public_domain":"no","image_url":""}},"pipe_73.jpg226643":{"filename":"pipe_73.jpg","size":226643,"regions":[{"shape_attributes":{"name":"rect","x":334,"y":669,"width":187,"height":289},"region_attributes":{"type":"pipe","image_quality":{"good":true,"frontal":true,"good_illumination":true},"pipe":"pipe"}}],"file_attributes":{"caption":"","public_domain":"no","image_url":""}},"pipe_74.jpg231498":{"filename":"pipe_74.jpg","size":231498,"regions":[{"shape_attributes":{"name":"rect","x":315,"y":692,"width":202,"height":288},"region_attributes":{"type":"pipe","image_quality":{"good":true,"frontal":true,"good_illumination":true},"pipe":"pipe"}}],"file_attributes":{"caption":"","public_domain":"no","image_url":""}},"pipe_75.jpg188150":{"filename":"pipe_75.jpg","size":188150,"regions":[{"shape_attributes":{"name":"rect","x":285,"y":718,"width":202,"height":288},"region_attributes":{"type":"pipe","image_quality":{"good":true,"frontal":true,"good_illumination":true},"pipe":"pipe"}}],"file_attributes":{"caption":"","public_domain":"no","image_url":""}},"pipe_76.jpg260622":{"filename":"pipe_76.jpg","size":260622,"regions":[{"shape_attributes":{"name":"rect","x":505,"y":834,"width":193,"height":250},"region_attributes":{"type":"pipe","image_quality":{"good":true,"frontal":true,"good_illumination":true},"pipe":"pipe"}}],"file_attributes":{"caption":"","public_domain":"no","image_url":""}},"pipe_77.jpg258271":{"filename":"pipe_77.jpg","size":258271,"regions":[{"shape_attributes":{"name":"rect","x":522,"y":851,"width":183,"height":249},"region_attributes":{"type":"pipe","image_quality":{"good":true,"frontal":true,"good_illumination":true},"pipe":"pipe"}}],"file_attributes":{"caption":"","public_domain":"no","image_url":""}},"pipe_78.jpg272760":{"filename":"pipe_78.jpg","size":272760,"regions":[{"shape_attributes":{"name":"rect","x":504,"y":867,"width":183,"height":259},"region_attributes":{"type":"pipe","image_quality":{"good":true,"frontal":true,"good_illumination":true},"pipe":"pipe"}}],"file_attributes":{"caption":"","public_domain":"no","image_url":""}},"pipe_79.jpg261925":{"filename":"pipe_79.jpg","size":261925,"regions":[{"shape_attributes":{"name":"rect","x":490,"y":877,"width":195,"height":252},"region_attributes":{"type":"pipe","image_quality":{"good":true,"frontal":true,"good_illumination":true},"pipe":"pipe"}}],"file_attributes":{"caption":"","public_domain":"no","image_url":""}},"pipe_80.jpg257274":{"filename":"pipe_80.jpg","size":257274,"regions":[{"shape_attributes":{"name":"rect","x":489,"y":878,"width":193,"height":256},"region_attributes":{"type":"pipe","image_quality":{"good":true,"frontal":true,"good_illumination":true},"pipe":"pipe"}}],"file_attributes":{"caption":"","public_domain":"no","image_url":""}},"pipe_81.jpg249865":{"filename":"pipe_81.jpg","size":249865,"regions":[{"shape_attributes":{"name":"rect","x":476,"y":895,"width":171,"height":250},"region_attributes":{"type":"pipe","image_quality":{"good":true,"frontal":true,"good_illumination":true},"pipe":"pipe"}}],"file_attributes":{"caption":"","public_domain":"no","image_url":""}},"pipe_82.jpg236452":{"filename":"pipe_82.jpg","size":236452,"regions":[{"shape_attributes":{"name":"rect","x":425,"y":925,"width":168,"height":250},"region_attributes":{"type":"pipe","image_quality":{"good":true,"frontal":true,"good_illumination":true},"pipe":"pipe"}}],"file_attributes":{"caption":"","public_domain":"no","image_url":""}},"pipe_83.jpg249480":{"filename":"pipe_83.jpg","size":249480,"regions":[{"shape_attributes":{"name":"rect","x":494,"y":889,"width":151,"height":274},"region_attributes":{"type":"pipe","image_quality":{"good":true,"frontal":true,"good_illumination":true},"pipe":"pipe"}}],"file_attributes":{"caption":"","public_domain":"no","image_url":""}},"pipe_84.jpg186659":{"filename":"pipe_84.jpg","size":186659,"regions":[{"shape_attributes":{"name":"rect","x":544,"y":918,"width":139,"height":277},"region_attributes":{"type":"pipe","image_quality":{"good":true,"frontal":true,"good_illumination":true},"pipe":"pipe"}}],"file_attributes":{"caption":"","public_domain":"no","image_url":""}},"pipe_85.jpg177991":{"filename":"pipe_85.jpg","size":177991,"regions":[{"shape_attributes":{"name":"rect","x":564,"y":925,"width":143,"height":275},"region_attributes":{"type":"pipe","image_quality":{"good":true,"frontal":true,"good_illumination":true},"pipe":"pipe"}}],"file_attributes":{"caption":"","public_domain":"no","image_url":""}},"pipe_86.jpg159004":{"filename":"pipe_86.jpg","size":159004,"regions":[{"shape_attributes":{"name":"rect","x":595,"y":946,"width":151,"height":279},"region_attributes":{"type":"pipe","image_quality":{"good":true,"frontal":true,"good_illumination":true},"pipe":"pipe"}}],"file_attributes":{"caption":"","public_domain":"no","image_url":""}},"pipe_87.jpg171397":{"filename":"pipe_87.jpg","size":171397,"regions":[{"shape_attributes":{"name":"rect","x":713,"y":973,"width":332,"height":195},"region_attributes":{"type":"pipe","image_quality":{"good":true,"frontal":true,"good_illumination":true},"pipe":"pipe"}}],"file_attributes":{"caption":"","public_domain":"no","image_url":""}},"pipe_88.jpg165656":{"filename":"pipe_88.jpg","size":165656,"regions":[{"shape_attributes":{"name":"rect","x":690,"y":973,"width":341,"height":209},"region_attributes":{"type":"pipe","image_quality":{"good":true,"frontal":true,"good_illumination":true},"pipe":"pipe"}}],"file_attributes":{"caption":"","public_domain":"no","image_url":""}},"pipe_89.jpg173375":{"filename":"pipe_89.jpg","size":173375,"regions":[{"shape_attributes":{"name":"rect","x":674,"y":983,"width":334,"height":194},"region_attributes":{"type":"pipe","image_quality":{"good":true,"frontal":true,"good_illumination":true},"pipe":"pipe"}}],"file_attributes":{"caption":"","public_domain":"no","image_url":""}},"pipe_90.jpg183910":{"filename":"pipe_90.jpg","size":183910,"regions":[{"shape_attributes":{"name":"rect","x":666,"y":968,"width":336,"height":183},"region_attributes":{"type":"pipe","image_quality":{"good":true,"frontal":true,"good_illumination":true},"pipe":"pipe"}}],"file_attributes":{"caption":"","public_domain":"no","image_url":""}},"pipe_91.jpg213590":{"filename":"pipe_91.jpg","size":213590,"regions":[{"shape_attributes":{"name":"rect","x":636,"y":957,"width":326,"height":187},"region_attributes":{"type":"pipe","image_quality":{"good":true,"frontal":true,"good_illumination":true},"pipe":"pipe"}}],"file_attributes":{"caption":"","public_domain":"no","image_url":""}},"pipe_92.jpg170623":{"filename":"pipe_92.jpg","size":170623,"regions":[{"shape_attributes":{"name":"rect","x":535,"y":787,"width":278,"height":125},"region_attributes":{"type":"pipe","image_quality":{"good":true,"frontal":true,"good_illumination":true},"pipe":"pipe"}}],"file_attributes":{"caption":"","public_domain":"no","image_url":""}},"pipe_93.jpg157000":{"filename":"pipe_93.jpg","size":157000,"regions":[{"shape_attributes":{"name":"rect","x":540,"y":866,"width":317,"height":164},"region_attributes":{"type":"pipe","image_quality":{"good":true,"frontal":true,"good_illumination":true},"pipe":"pipe"}}],"file_attributes":{"caption":"","public_domain":"no","image_url":""}},"pipe_94.jpg180338":{"filename":"pipe_94.jpg","size":180338,"regions":[{"shape_attributes":{"name":"rect","x":538,"y":999,"width":311,"height":186},"region_attributes":{"type":"pipe","image_quality":{"good":true,"frontal":true,"good_illumination":true},"pipe":"pipe"}}],"file_attributes":{"caption":"","public_domain":"no","image_url":""}},"pipe_95.jpg146978":{"filename":"pipe_95.jpg","size":146978,"regions":[{"shape_attributes":{"name":"rect","x":454,"y":1020,"width":310,"height":194},"region_attributes":{"type":"pipe","image_quality":{"good":true,"frontal":true,"good_illumination":true},"pipe":"pipe"}}],"file_attributes":{"caption":"","public_domain":"no","image_url":""}},"pipe_96.jpg193994":{"filename":"pipe_96.jpg","size":193994,"regions":[{"shape_attributes":{"name":"rect","x":351,"y":1074,"width":295,"height":190},"region_attributes":{"type":"pipe","image_quality":{"good":true,"frontal":true,"good_illumination":true},"pipe":"pipe"}}],"file_attributes":{"caption":"","public_domain":"no","image_url":""}},"pipe_97.jpg231611":{"filename":"pipe_97.jpg","size":231611,"regions":[{"shape_attributes":{"name":"rect","x":753,"y":937,"width":212,"height":176},"region_attributes":{"type":"pipe","image_quality":{"good":true,"frontal":true,"good_illumination":true},"pipe":"pipe"}}],"file_attributes":{"caption":"","public_domain":"no","image_url":""}},"pipe_98.jpg203088":{"filename":"pipe_98.jpg","size":203088,"regions":[{"shape_attributes":{"name":"rect","x":807,"y":914,"width":223,"height":128},"region_attributes":{"type":"pipe","image_quality":{"good":true,"frontal":true,"good_illumination":true},"pipe":"pipe"}}],"file_attributes":{"caption":"","public_domain":"no","image_url":""}},"pipe_99.jpg126566":{"filename":"pipe_99.jpg","size":126566,"regions":[{"shape_attributes":{"name":"rect","x":695,"y":860,"width":288,"height":138},"region_attributes":{"type":"pipe","image_quality":{"good":true,"frontal":true,"good_illumination":true},"pipe":"pipe"}}],"file_attributes":{"caption":"","public_domain":"no","image_url":""}},"pipe_100.jpg137749":{"filename":"pipe_100.jpg","size":137749,"regions":[{"shape_attributes":{"name":"rect","x":522,"y":818,"width":290,"height":135},"region_attributes":{"type":"pipe","image_quality":{"good":true,"frontal":true,"good_illumination":true},"pipe":"pipe"}}],"file_attributes":{"caption":"","public_domain":"no","image_url":""}}}