filename,file_size,file_attributes,region_count,region_id,region_shape_attributes,region_attributes
pipe_1.jpg,197939,"{""caption"":"""",""public_domain"":""no"",""image_url"":""""}",1,0,"{""name"":""rect"",""x"":476,""y"":619,""width"":372,""height"":180}","{""type"":""pipe"",""image_quality"":{""good"":true,""frontal"":true,""good_illumination"":true},""pipe"":""pipe""}"
pipe_2.jpg,69083,"{""caption"":"""",""public_domain"":""no"",""image_url"":""""}",1,0,"{""name"":""rect"",""x"":60,""y"":576,""width"":171,""height"":150}","{""type"":""pipe"",""image_quality"":{""good"":true,""frontal"":true,""good_illumination"":true},""pipe"":""pipe""}"
pipe_3.jpg,381885,"{""caption"":"""",""public_domain"":""no"",""image_url"":""""}",1,0,"{""name"":""rect"",""x"":640,""y"":513,""width"":231,""height"":414}","{""type"":""pipe"",""image_quality"":{""good"":true,""frontal"":true,""good_illumination"":true},""pipe"":""pipe""}"
pipe_4.jpg,99817,"{""caption"":"""",""public_domain"":""no"",""image_url"":""""}",1,0,"{""name"":""rect"",""x"":241,""y"":500,""width"":262,""height"":260}","{""type"":""pipe"",""image_quality"":{""good"":true,""frontal"":true,""good_illumination"":true},""pipe"":""pipe""}"
pipe_5.jpg,82199,"{""caption"":"""",""public_domain"":""no"",""image_url"":""""}",1,0,"{""name"":""rect"",""x"":18,""y"":578,""width"":175,""height"":186}","{""type"":""pipe"",""image_quality"":{""good"":true,""frontal"":true,""good_illumination"":true},""pipe"":""pipe""}"
pipe_6.jpg,141503,"{""caption"":"""",""public_domain"":""no"",""image_url"":""""}",1,0,"{""name"":""rect"",""x"":512,""y"":543,""width"":202,""height"":155}","{""type"":""pipe"",""image_quality"":{""good"":true,""frontal"":true,""good_illumination"":true},""pipe"":""pipe""}"
pipe_7.jpg,329548,"{""caption"":"""",""public_domain"":""no"",""image_url"":""""}",1,0,"{""name"":""rect"",""x"":420,""y"":782,""width"":303,""height"":293}","{""type"":""pipe"",""image_quality"":{""good"":true,""frontal"":true,""good_illumination"":true},""pipe"":""pipe""}"
pipe_8.jpg,68252,"{""caption"":"""",""public_domain"":""no"",""image_url"":""""}",1,0,"{""name"":""rect"",""x"":295,""y"":324,""width"":217,""height"":237}","{""type"":""pipe"",""image_quality"":{""good"":true,""frontal"":true,""good_illumination"":true},""pipe"":""pipe""}"
pipe_9.jpg,334570,"{""caption"":"""",""public_domain"":""no"",""image_url"":""""}",1,0,"{""name"":""rect"",""x"":403,""y"":699,""width"":350,""height"":292}","{""type"":""pipe"",""image_quality"":{""good"":true,""frontal"":true,""good_illumination"":true},""pipe"":""pipe""}"
pipe_10.jpg,70618,"{""caption"":"""",""public_domain"":""no"",""image_url"":""""}",1,0,"{""name"":""rect"",""x"":1,""y"":526,""width"":173,""height"":152}","{""type"":""pipe"",""image_quality"":{""good"":true,""frontal"":true,""good_illumination"":true},""pipe"":""pipe""}"
pipe_11.jpg,138293,"{""caption"":"""",""public_domain"":""no"",""image_url"":""""}",1,0,"{""name"":""rect"",""x"":489,""y"":539,""width"":207,""height"":159}","{""type"":""pipe"",""image_quality"":{""good"":true,""frontal"":true,""good_illumination"":true},""pipe"":""pipe""}"
pipe_12.jpg,206812,"{""caption"":"""",""public_domain"":""no"",""image_url"":""""}",1,0,"{""name"":""rect"",""x"":484,""y"":621,""width"":343,""height"":165}","{""type"":""pipe"",""image_quality"":{""good"":true,""frontal"":true,""good_illumination"":true},""pipe"":""pipe""}"
pipe_13.jpg,178865,"{""caption"":"""",""public_domain"":""no"",""image_url"":""""}",1,0,"{""name"":""rect"",""x"":490,""y"":632,""width"":337,""height"":171}","{""type"":""pipe"",""image_quality"":{""good"":true,""frontal"":true,""good_illumination"":true},""pipe"":""pipe""}"
pipe_14.jpg,185445,"{""caption"":"""",""public_domain"":""no"",""image_url"":""""}",1,0,"{""name"":""rect"",""x"":504,""y"":628,""width"":325,""height"":161}","{""type"":""pipe"",""image_quality"":{""good"":true,""frontal"":true,""good_illumination"":true},""pipe"":""pipe""}"
pipe_15.jpg,180956,"{""caption"":"""",""public_domain"":""no"",""image_url"":""""}",1,0,"{""name"":""rect"",""x"":500,""y"":625,""width"":347,""height"":156}","{""type"":""pipe"",""image_quality"":{""good"":true,""frontal"":true,""good_illumination"":true},""pipe"":""pipe""}"
pipe_16.jpg,182752,"{""caption"":"""",""public_domain"":""no"",""image_url"":""""}",1,0,"{""name"":""rect"",""x"":464,""y"":612,""width"":200,""height"":293}","{""type"":""pipe"",""image_quality"":{""good"":true,""frontal"":true,""good_illumination"":true},""pipe"":""pipe""}"
pipe_17.jpg,173028,"{""caption"":"""",""public_domain"":""no"",""image_url"":""""}",1,0,"{""name"":""rect"",""x"":473,""y"":603,""width"":208,""height"":293}","{""type"":""pipe"",""image_quality"":{""good"":true,""frontal"":true,""good_illumination"":true},""pipe"":""pipe""}"
pipe_18.jpg,183480,"{""caption"":"""",""public_domain"":""no"",""image_url"":""""}",1,0,"{""name"":""rect"",""x"":473,""y"":597,""width"":216,""height"":312}","{""type"":""pipe"",""image_quality"":{""good"":true,""frontal"":true,""good_illumination"":true},""pipe"":""pipe""}"
pipe_19.jpg,176507,"{""caption"":"""",""public_domain"":""no"",""image_url"":""""}",1,0,"{""name"":""rect"",""x"":472,""y"":603,""width"":219,""height"":306}","{""type"":""pipe"",""image_quality"":{""good"":true,""frontal"":true,""good_illumination"":true},""pipe"":""pipe""}"
pipe_20.jpg,173886,"{""caption"":"""",""public_domain"":""no"",""image_url"":""""}",1,0,"{""name"":""rect"",""x"":473,""y"":607,""width"":215,""height"":301}","{""type"":""pipe"",""image_quality"":{""good"":true,""frontal"":true,""good_illumination"":true},""pipe"":""pipe""}"
pipe_21.jpg,173826,"{""caption"":"""",""public_domain"":""no"",""image_url"":""""}",1,0,"{""name"":""rect"",""x"":475,""y"":608,""width"":219,""height"":296}","{""type"":""pipe"",""image_quality"":{""good"":true,""frontal"":true,""good_illumination"":true},""pipe"":""pipe""}"
pipe_22.jpg,175062,"{""caption"":"""",""public_domain"":""no"",""image_url"":""""}",1,0,"{""name"":""rect"",""x"":471,""y"":592,""width"":216,""height"":307}","{""type"":""pipe"",""image_quality"":{""good"":true,""frontal"":true,""good_illumination"":true},""pipe"":""pipe""}"
pipe_23.jpg,204172,"{""caption"":"""",""public_domain"":""no"",""image_url"":""""}",1,0,"{""name"":""rect"",""x"":462,""y"":619,""width"":259,""height"":257}","{""type"":""pipe"",""image_quality"":{""good"":true,""frontal"":true,""good_illumination"":true},""pipe"":""pipe""}"
pipe_24.jpg,226614,"{""caption"":"""",""public_domain"":""no"",""image_url"":""""}",1,0,"{""name"":""rect"",""x"":475,""y"":623,""width"":237,""height"":262}","{""type"":""pipe"",""image_quality"":{""good"":true,""frontal"":true,""good_illumination"":true},""pipe"":""pipe""}"
pipe_25.jpg,202164,"{""caption"":"""",""public_domain"":""no"",""image_url"":""""}",1,0,"{""name"":""rect"",""x"":325,""y"":573,""width"":347,""height"":182}","{""type"":""pipe"",""image_quality"":{""good"":true,""frontal"":true,""good_illumination"":true},""pipe"":""pipe""}"
pipe_26.jpg,202160,"{""caption"":"""",""public_domain"":""no"",""image_url"":""""}",1,0,"{""name"":""rect"",""x"":490,""y"":608,""width"":234,""height"":306}","{""type"":""pipe"",""image_quality"":{""good"":true,""frontal"":true,""good_illumination"":true},""pipe"":""pipe""}"
pipe_27.jpg,185137,"{""caption"":"""",""public_domain"":""no"",""image_url"":""""}",1,0,"{""name"":""rect"",""x"":739,""y"":681,""width"":339,""height"":246}","{""type"":""pipe"",""image_quality"":{""good"":true,""frontal"":true,""good_illumination"":true},""pipe"":""pipe""}"
pipe_28.jpg,190255,"{""caption"":"""",""public_domain"":""no"",""image_url"":""""}",1,0,"{""name"":""rect"",""x"":705,""y"":676,""width"":334,""height"":242}","{""type"":""pipe"",""image_quality"":{""good"":true,""frontal"":true,""good_illumination"":true},""pipe"":""pipe""}"
pipe_29.jpg,185149,"{""caption"":"""",""public_domain"":""no"",""image_url"":""""}",1,0,"{""name"":""rect"",""x"":696,""y"":681,""width"":366,""height"":208}","{""type"":""pipe"",""image_quality"":{""good"":true,""frontal"":true,""good_illumination"":true},""pipe"":""pipe""}"
pipe_30.jpg,176711,"{""caption"":"""",""public_domain"":""no"",""image_url"":""""}",1,0,"{""name"":""rect"",""x"":707,""y"":749,""width"":363,""height"":178}","{""type"":""pipe"",""image_quality"":{""good"":true,""frontal"":true,""good_illumination"":true},""pipe"":""pipe""}"
pipe_31.jpg,170331,"{""caption"":"""",""public_domain"":""no"",""image_url"":""""}",1,0,"{""name"":""rect"",""x"":680,""y"":729,""width"":387,""height"":179}","{""type"":""pipe"",""image_quality"":{""good"":true,""frontal"":true,""good_illumination"":true},""pipe"":""pipe""}"
pipe_32.jpg,153916,"{""caption"":"""",""public_domain"":""no"",""image_url"":""""}",1,0,"{""name"":""rect"",""x"":694,""y"":753,""width"":390,""height"":173}","{""type"":""pipe"",""image_quality"":{""good"":true,""frontal"":true,""good_illumination"":true},""pipe"":""pipe""}"
pipe_33.jpg,139006,"{""caption"":"""",""public_domain"":""no"",""image_url"":""""}",1,0,"{""name"":""rect"",""x"":684,""y"":757,""width"":356,""height"":171}","{""type"":""pipe"",""image_quality"":{""good"":true,""frontal"":true,""good_illumination"":true},""pipe"":""pipe""}"
pipe_34.jpg,155053,"{""caption"":"""",""public_domain"":""no"",""image_url"":""""}",1,0,"{""name"":""rect"",""x"":491,""y"":742,""width"":206,""height"":204}","{""type"":""pipe"",""image_quality"":{""good"":true,""frontal"":true,""good_illumination"":true},""pipe"":""pipe""}"
pipe_35.jpg,156755,"{""caption"":"""",""public_domain"":""no"",""image_url"":""""}",1,0,"{""name"":""rect"",""x"":564,""y"":753,""width"":179,""height"":216}","{""type"":""pipe"",""image_quality"":{""good"":true,""frontal"":true,""good_illumination"":true},""pipe"":""pipe""}"
pipe_36.jpg,150993,"{""caption"":"""",""public_domain"":""no"",""image_url"":""""}",1,0,"{""name"":""rect"",""x"":659,""y"":778,""width"":151,""height"":216}","{""type"":""pipe"",""image_quality"":{""good"":true,""frontal"":true,""good_illumination"":true},""pipe"":""pipe""}"
pipe_37.jpg,151660,"{""caption"":"""",""public_domain"":""no"",""image_url"":""""}",1,0,"{""name"":""rect"",""x"":717,""y"":772,""width"":187,""height"":222}","{""type"":""pipe"",""image_quality"":{""good"":true,""frontal"":true,""good_illumination"":true},""pipe"":""pipe""}"
pipe_38.jpg,145977,"{""caption"":"""",""public_domain"":""no"",""image_url"":""""}",1,0,"{""name"":""rect"",""x"":690,""y"":764,""width"":215,""height"":223}","{""type"":""pipe"",""image_quality"":{""good"":true,""frontal"":true,""good_illumination"":true},""pipe"":""pipe""}"
pipe_39.jpg,184022,"{""caption"":"""",""public_domain"":""no"",""image_url"":""""}",1,0,"{""name"":""rect"",""x"":603,""y"":698,""width"":184,""height"":227}","{""type"":""pipe"",""image_quality"":{""good"":true,""frontal"":true,""good_illumination"":true},""pipe"":""pipe""}"
pipe_40.jpg,174125,"{""caption"":"""",""public_domain"":""no"",""image_url"":""""}",1,0,"{""name"":""rect"",""x"":548,""y"":709,""width"":231,""height"":208}","{""type"":""pipe"",""image_quality"":{""good"":true,""frontal"":true,""good_illumination"":true},""pipe"":""pipe""}"
pipe_41.jpg,169486,"{""caption"":"""",""public_domain"":""no"",""image_url"":""""}",1,0,"{""name"":""rect"",""x"":523,""y"":736,""width"":223,""height"":198}","{""type"":""pipe"",""image_quality"":{""good"":true,""frontal"":true,""good_illumination"":true},""pipe"":""pipe""}"
pipe_42.jpg,181934,"{""caption"":"""",""public_domain"":""no"",""image_url"":""""}",1,0,"{""name"":""rect"",""x"":604,""y"":740,""width"":223,""height"":201}","{""type"":""pipe"",""image_quality"":{""good"":true,""frontal"":true,""good_illumination"":true},""pipe"":""pipe""}"
pipe_43.jpg,188745,"{""caption"":"""",""public_domain"":""no"",""image_url"":""""}",1,0,"{""name"":""rect"",""x"":600,""y"":771,""width"":226,""height"":216}","{""type"":""pipe"",""image_quality"":{""good"":true,""frontal"":true,""good_illumination"":true},""pipe"":""pipe""}"
pipe_44.jpg,179971,"{""caption"":"""",""public_domain"":""no"",""image_url"":""""}",1,0,"{""name"":""rect"",""x"":497,""y"":597,""width"":420,""height"":187}","{""type"":""pipe"",""image_quality"":{""good"":true,""frontal"":true,""good_illumination"":true},""pipe"":""pipe""}"
pipe_45.jpg,180403,"{""caption"":"""",""public_domain"":""no"",""image_url"":""""}",1,0,"{""name"":""rect"",""x"":487,""y"":593,""width"":399,""height"":220}","{""type"":""pipe"",""image_quality"":{""good"":true,""frontal"":true,""good_illumination"":true},""pipe"":""pipe""}"
pipe_46.jpg,184967,"{""caption"":"""",""public_domain"":""no"",""image_url"":""""}",1,0,"{""name"":""rect"",""x"":479,""y"":614,""width"":395,""height"":194}","{""type"":""pipe"",""image_quality"":{""good"":true,""frontal"":true,""good_illumination"":true},""pipe"":""pipe""}"
pipe_47.jpg,194415,"{""caption"":"""",""public_domain"":""no"",""image_url"":""""}",1,0,"{""name"":""rect"",""x"":566,""y"":641,""width"":436,""height"":179}","{""type"":""pipe"",""image_quality"":{""good"":true,""frontal"":true,""good_illumination"":true},""pipe"":""pipe""}"
pipe_48.jpg,200928,"{""caption"":"""",""public_domain"":""no"",""image_url"":""""}",1,0,"{""name"":""rect"",""x"":570,""y"":672,""width"":446,""height"":180}","{""type"":""pipe"",""image_quality"":{""good"":true,""frontal"":true,""good_illumination"":true},""pipe"":""pipe""}"
pipe_49.jpg,184120,"{""caption"":"""",""public_domain"":""no"",""image_url"":""""}",1,0,"{""name"":""rect"",""x"":533,""y"":633,""width"":465,""height"":179}","{""type"":""pipe"",""image_quality"":{""good"":true,""frontal"":true,""good_illumination"":true},""pipe"":""pipe""}"
pipe_50.jpg,248622,"{""caption"":"""",""public_domain"":""no"",""image_url"":""""}",1,0,"{""name"":""rect"",""x"":534,""y"":623,""width"":454,""height"":200}","{""type"":""pipe"",""image_quality"":{""good"":true,""frontal"":true,""good_illumination"":true},""pipe"":""pipe""}"
pipe_51.jpg,286321,"{""caption"":"""",""public_domain"":""no"",""image_url"":""""}",1,0,"{""name"":""rect"",""x"":505,""y"":553,""width"":317,""height"":260}","{""type"":""pipe"",""image_quality"":{""good"":true,""frontal"":true,""good_illumination"":true},""pipe"":""pipe""}"
pipe_52.jpg,179919,"{""caption"":"""",""public_domain"":""no"",""image_url"":""""}",1,0,"{""name"":""rect"",""x"":493,""y"":622,""width"":395,""height"":175}","{""type"":""pipe"",""image_quality"":{""good"":true,""frontal"":true,""good_illumination"":true},""pipe"":""pipe""}"
pipe_53.jpg,170320,"{""caption"":"""",""public_domain"":""no"",""image_url"":""""}",1,0,"{""name"":""rect"",""x"":527,""y"":647,""width"":402,""height"":161}","{""type"":""pipe"",""image_quality"":{""good"":true,""frontal"":true,""good_illumination"":true},""pipe"":""pipe""}"
pipe_54.jpg,161330,"{""caption"":"""",""public_domain"":""no"",""image_url"":""""}",1,0,"{""name"":""rect"",""x"":551,""y"":676,""width"":391,""height"":173}","{""type"":""pipe"",""image_quality"":{""good"":true,""frontal"":true,""good_illumination"":true},""pipe"":""pipe""}"
pipe_55.jpg,180742,"{""caption"":"""",""public_domain"":""no"",""image_url"":""""}",1,0,"{""name"":""rect"",""x"":533,""y"":702,""width"":377,""height"":161}","{""type"":""pipe"",""image_quality"":{""good"":true,""frontal"":true,""good_illumination"":true},""pipe"":""pipe""}"
pipe_56.jpg,181288,"{""caption"":"""",""public_domain"":""no"",""image_url"":""""}",1,0,"{""name"":""rect"",""x"":518,""y"":716,""width"":380,""height"":173}","{""type"":""pipe"",""image_quality"":{""good"":true,""frontal"":true,""good_illumination"":true},""pipe"":""pipe""}"
pipe_57.jpg,184455,"{""caption"":"""",""public_domain"":""no"",""image_url"":""""}",1,0,"{""name"":""rect"",""x"":478,""y"":696,""width"":323,""height"":158}","{""type"":""pipe"",""image_quality"":{""good"":true,""frontal"":true,""good_illumination"":true},""pipe"":""pipe""}"
pipe_58.jpg,191753,"{""caption"":"""",""public_domain"":""no"",""image_url"":""""}",1,0,"{""name"":""rect"",""x"":462,""y"":706,""width"":344,""height"":158}","{""type"":""pipe"",""image_quality"":{""good"":true,""frontal"":true,""good_illumination"":true},""pipe"":""pipe""}"
pipe_59.jpg,167779,"{""caption"":"""",""public_domain"":""no"",""image_url"":""""}",1,0,"{""name"":""rect"",""x"":494,""y"":724,""width"":354,""height"":156}","{""type"":""pipe"",""image_quality"":{""good"":true,""frontal"":true,""good_illumination"":true},""pipe"":""pipe""}"
pipe_60.jpg,170246,"{""caption"":"""",""public_domain"":""no"",""image_url"":""""}",1,0,"{""name"":""rect"",""x"":367,""y"":655,""width"":224,""height"":270}","{""type"":""pipe"",""image_quality"":{""good"":true,""frontal"":true,""good_illumination"":true},""pipe"":""pipe""}"
pipe_61.jpg,174580,"{""caption"":"""",""public_domain"":""no"",""image_url"":""""}",1,0,"{""name"":""rect"",""x"":362,""y"":661,""width"":194,""height"":279}","{""type"":""pipe"",""image_quality"":{""good"":true,""frontal"":true,""good_illumination"":true},""pipe"":""pipe""}"
pipe_62.jpg,166953,"{""caption"":"""",""public_domain"":""no"",""image_url"":""""}",1,0,"{""name"":""rect"",""x"":359,""y"":665,""width"":198,""height"":279}","{""type"":""pipe"",""image_quality"":{""good"":true,""frontal"":true,""good_illumination"":true},""pipe"":""pipe""}"
pipe_63.jpg,180014,"{""caption"":"""",""public_domain"":""no"",""image_url"":""""}",1,0,"{""name"":""rect"",""x"":367,""y"":695,""width"":202,""height"":273}","{""type"":""pipe"",""image_quality"":{""good"":true,""frontal"":true,""good_illumination"":true},""pipe"":""pipe""}"
pipe_64.jpg,194882,"{""caption"":"""",""public_domain"":""no"",""image_url"":""""}",1,0,"{""name"":""rect"",""x"":359,""y"":677,""width"":215,""height"":281}","{""type"":""pipe"",""image_quality"":{""good"":true,""frontal"":true,""good_illumination"":true},""pipe"":""pipe""}"
pipe_65.jpg,165742,"{""caption"":"""",""public_domain"":""no"",""image_url"":""""}",1,0,"{""name"":""rect"",""x"":366,""y"":691,""width"":219,""height"":273}","{""type"":""pipe"",""image_quality"":{""good"":true,""frontal"":true,""good_illumination"":true},""pipe"":""pipe""}"
pipe_66.jpg,182986,"{""caption"":"""",""public_domain"":""no"",""image_url"":""""}",1,0,"{""name"":""rect"",""x"":388,""y"":674,""width"":195,""height"":277}","{""type"":""pipe"",""image_quality"":{""good"":true,""frontal"":true,""good_illumination"":true},""pipe"":""pipe""}"
pipe_67.jpg,181616,"{""caption"":"""",""public_domain"":""no"",""image_url"":""""}",1,0,"{""name"":""rect"",""x"":383,""y"":673,""width"":204,""height"":270}","{""type"":""pipe"",""image_quality"":{""good"":true,""frontal"":true,""good_illumination"":true},""pipe"":""pipe""}"
pipe_68.jpg,189276,"{""caption"":"""",""public_domain"":""no"",""image_url"":""""}",1,0,"{""name"":""rect"",""x"":362,""y"":673,""width"":228,""height"":281}","{""type"":""pipe"",""image_quality"":{""good"":true,""frontal"":true,""good_illumination"":true},""pipe"":""pipe""}"
pipe_69.jpg,202294,"{""caption"":"""",""public_domain"":""no"",""image_url"":""""}",1,0,"{""name"":""rect"",""x"":407,""y"":687,""width"":201,""height"":268}","{""type"":""pipe"",""image_quality"":{""good"":true,""frontal"":true,""good_illumination"":true},""pipe"":""pipe""}"
pipe_70.jpg,222002,"{""caption"":"""",""public_domain"":""no"",""image_url"":""""}",1,0,"{""name"":""rect"",""x"":398,""y"":694,""width"":202,""height"":273}","{""type"":""pipe"",""image_quality"":{""good"":true,""frontal"":true,""good_illumination"":true},""pipe"":""pipe""}"
pipe_71.jpg,227041,"{""caption"":"""",""public_domain"":""no"",""image_url"":""""}",1,0,"{""name"":""rect"",""x"":396,""y"":703,""width"":191,""height"":267}","{""type"":""pipe"",""image_quality"":{""good"":true,""frontal"":true,""good_illumination"":true},""pipe"":""pipe""}"
pipe_72.jpg,234181,"{""caption"":"""",""public_domain"":""no"",""image_url"":""""}",1,0,"{""name"":""rect"",""x"":367,""y"":663,""width"":212,""height"":282}","{""type"":""pipe"",""image_quality"":{""good"":true,""frontal"":true,""good_illumination"":true},""pipe"":""pipe""}"
pipe_73.jpg,226643,"{""caption"":"""",""public_domain"":""no"",""image_url"":""""}",1,0,"{""name"":""rect"",""x"":334,""y"":669,""width"":187,""height"":289}","{""type"":""pipe"",""image_quality"":{""good"":true,""frontal"":true,""good_illumination"":true},""pipe"":""pipe""}"
pipe_74.jpg,231498,"{""caption"":"""",""public_domain"":""no"",""image_url"":""""}",1,0,"{""name"":""rect"",""x"":315,""y"":692,""width"":202,""height"":288}","{""type"":""pipe"",""image_quality"":{""good"":true,""frontal"":true,""good_illumination"":true},""pipe"":""pipe""}"
pipe_75.jpg,188150,"{""caption"":"""",""public_domain"":""no"",""image_url"":""""}",1,0,"{""name"":""rect"",""x"":285,""y"":718,""width"":202,""height"":288}","{""type"":""pipe"",""image_quality"":{""good"":true,""frontal"":true,""good_illumination"":true},""pipe"":""pipe""}"
pipe_76.jpg,260622,"{""caption"":"""",""public_domain"":""no"",""image_url"":""""}",1,0,"{""name"":""rect"",""x"":505,""y"":834,""width"":193,""height"":250}","{""type"":""pipe"",""image_quality"":{""good"":true,""frontal"":true,""good_illumination"":true},""pipe"":""pipe""}"
pipe_77.jpg,258271,"{""caption"":"""",""public_domain"":""no"",""image_url"":""""}",1,0,"{""name"":""rect"",""x"":522,""y"":851,""width"":183,""height"":249}","{""type"":""pipe"",""image_quality"":{""good"":true,""frontal"":true,""good_illumination"":true},""pipe"":""pipe""}"
pipe_78.jpg,272760,"{""caption"":"""",""public_domain"":""no"",""image_url"":""""}",1,0,"{""name"":""rect"",""x"":504,""y"":867,""width"":183,""height"":259}","{""type"":""pipe"",""image_quality"":{""good"":true,""frontal"":true,""good_illumination"":true},""pipe"":""pipe""}"
pipe_79.jpg,261925,"{""caption"":"""",""public_domain"":""no"",""image_url"":""""}",1,0,"{""name"":""rect"",""x"":490,""y"":877,""width"":195,""height"":252}","{""type"":""pipe"",""image_quality"":{""good"":true,""frontal"":true,""good_illumination"":true},""pipe"":""pipe""}"
pipe_80.jpg,257274,"{""caption"":"""",""public_domain"":""no"",""image_url"":""""}",1,0,"{""name"":""rect"",""x"":489,""y"":878,""width"":193,""height"":256}","{""type"":""pipe"",""image_quality"":{""good"":true,""frontal"":true,""good_illumination"":true},""pipe"":""pipe""}"
pipe_81.jpg,249865,"{""caption"":"""",""public_domain"":""no"",""image_url"":""""}",1,0,"{""name"":""rect"",""x"":476,""y"":895,""width"":171,""height"":250}","{""type"":""pipe"",""image_quality"":{""good"":true,""frontal"":true,""good_illumination"":true},""pipe"":""pipe""}"
pipe_82.jpg,236452,"{""caption"":"""",""public_domain"":""no"",""image_url"":""""}",1,0,"{""name"":""rect"",""x"":425,""y"":925,""width"":168,""height"":250}","{""type"":""pipe"",""image_quality"":{""good"":true,""frontal"":true,""good_illumination"":true},""pipe"":""pipe""}"
pipe_83.jpg,249480,"{""caption"":"""",""public_domain"":""no"",""image_url"":""""}",1,0,"{""name"":""rect"",""x"":494,""y"":889,""width"":151,""height"":274}","{""type"":""pipe"",""image_quality"":{""good"":true,""frontal"":true,""good_illumination"":true},""pipe"":""pipe""}"
pipe_84.jpg,186659,"{""caption"":"""",""public_domain"":""no"",""image_url"":""""}",1,0,"{""name"":""rect"",""x"":544,""y"":918,""width"":139,""height"":277}","{""type"":""pipe"",""image_quality"":{""good"":true,""frontal"":true,""good_illumination"":true},""pipe"":""pipe""}"
pipe_85.jpg,177991,"{""caption"":"""",""public_domain"":""no"",""image_url"":""""}",1,0,"{""name"":""rect"",""x"":564,""y"":925,""width"":143,""height"":275}","{""type"":""pipe"",""image_quality"":{""good"":true,""frontal"":true,""good_illumination"":true},""pipe"":""pipe""}"
pipe_86.jpg,159004,"{""caption"":"""",""public_domain"":""no"",""image_url"":""""}",1,0,"{""name"":""rect"",""x"":595,""y"":946,""width"":151,""height"":279}","{""type"":""pipe"",""image_quality"":{""good"":true,""frontal"":true,""good_illumination"":true},""pipe"":""pipe""}"
pipe_87.jpg,171397,"{""caption"":"""",""public_domain"":""no"",""image_url"":""""}",1,0,"{""name"":""rect"",""x"":713,""y"":973,""width"":332,""height"":195}","{""type"":""pipe"",""image_quality"":{""good"":true,""frontal"":true,""good_illumination"":true},""pipe"":""pipe""}"
pipe_88.jpg,165656,"{""caption"":"""",""public_domain"":""no"",""image_url"":""""}",1,0,"{""name"":""rect"",""x"":690,""y"":973,""width"":341,""height"":209}","{""type"":""pipe"",""image_quality"":{""good"":true,""frontal"":true,""good_illumination"":true},""pipe"":""pipe""}"
pipe_89.jpg,173375,"{""caption"":"""",""public_domain"":""no"",""image_url"":""""}",1,0,"{""name"":""rect"",""x"":674,""y"":983,""width"":334,""height"":194}","{""type"":""pipe"",""image_quality"":{""good"":true,""frontal"":true,""good_illumination"":true},""pipe"":""pipe""}"
pipe_90.jpg,183910,"{""caption"":"""",""public_domain"":""no"",""image_url"":""""}",1,0,"{""name"":""rect"",""x"":666,""y"":968,""width"":336,""height"":183}","{""type"":""pipe"",""image_quality"":{""good"":true,""frontal"":true,""good_illumination"":true},""pipe"":""pipe""}"
pipe_91.jpg,213590,"{""caption"":"""",""public_domain"":""no"",""image_url"":""""}",1,0,"{""name"":""rect"",""x"":636,""y"":957,""width"":326,""height"":187}","{""type"":""pipe"",""image_quality"":{""good"":true,""frontal"":true,""good_illumination"":true},""pipe"":""pipe""}"
pipe_92.jpg,170623,"{""caption"":"""",""public_domain"":""no"",""image_url"":""""}",1,0,"{""name"":""rect"",""x"":535,""y"":787,""width"":278,""height"":125}","{""type"":""pipe"",""image_quality"":{""good"":true,""frontal"":true,""good_illumination"":true},""pipe"":""pipe""}"
pipe_93.jpg,157000,"{""caption"":"""",""public_domain"":""no"",""image_url"":""""}",1,0,"{""name"":""rect"",""x"":540,""y"":866,""width"":317,""height"":164}","{""type"":""pipe"",""image_quality"":{""good"":true,""frontal"":true,""good_illumination"":true},""pipe"":""pipe""}"
pipe_94.jpg,180338,"{""caption"":"""",""public_domain"":""no"",""image_url"":""""}",1,0,"{""name"":""rect"",""x"":538,""y"":999,""width"":311,""height"":186}","{""type"":""pipe"",""image_quality"":{""good"":true,""frontal"":true,""good_illumination"":true},""pipe"":""pipe""}"
pipe_95.jpg,146978,"{""caption"":"""",""public_domain"":""no"",""image_url"":""""}",1,0,"{""name"":""rect"",""x"":454,""y"":1020,""width"":310,""height"":194}","{""type"":""pipe"",""image_quality"":{""good"":true,""frontal"":true,""good_illumination"":true},""pipe"":""pipe""}"
pipe_96.jpg,193994,"{""caption"":"""",""public_domain"":""no"",""image_url"":""""}",1,0,"{""name"":""rect"",""x"":351,""y"":1074,""width"":295,""height"":190}","{""type"":""pipe"",""image_quality"":{""good"":true,""frontal"":true,""good_illumination"":true},""pipe"":""pipe""}"
pipe_97.jpg,231611,"{""caption"":"""",""public_domain"":""no"",""image_url"":""""}",1,0,"{""name"":""rect"",""x"":753,""y"":937,""width"":212,""height"":176}","{""type"":""pipe"",""image_quality"":{""good"":true,""frontal"":true,""good_illumination"":true},""pipe"":""pipe""}"
pipe_98.jpg,203088,"{""caption"":"""",""public_domain"":""no"",""image_url"":""""}",1,0,"{""name"":""rect"",""x"":807,""y"":914,""width"":223,""height"":128}","{""type"":""pipe"",""image_quality"":{""good"":true,""frontal"":true,""good_illumination"":true},""pipe"":""pipe""}"
pipe_99.jpg,126566,"{""caption"":"""",""public_domain"":""no"",""image_url"":""""}",1,0,"{""name"":""rect"",""x"":695,""y"":860,""width"":288,""height"":138}","{""type"":""pipe"",""image_quality"":{""good"":true,""frontal"":true,""good_illumination"":true},""pipe"":""pipe""}"
pipe_100.jpg,137749,"{""caption"":"""",""public_domain"":""no"",""image_url"":""""}",1,0,"{""name"":""rect"",""x"":522,""y"":818,""width"":290,""height"":135}","{""type"":""pipe"",""image_quality"":{""good"":true,""frontal"":true,""good_illumination"":true},""pipe"":""pipe""}"